日時,現地気圧(hPa),海面気圧(hPa),降水量(mm),気温(°C),露点温度(°C),蒸気圧(hPa),湿度(%),風速(m/s),風向,日照時間(h),全天日射量(MJ/㎡),降雪量(cm),積雪量(cm),天気,視程(km),スタジアム名,都道府県,屋内外
2025-03-01 1,1015.9,1022.5,--,10.0,7.8,10.6,86,2.1,北北東,,,--,--,曇,,Mazda Zoom-Zoom Stadium Hiroshima,Hiroshima,Outdoor
2025-03-01 2,1015.9,1022.5,--,10.0,6.9,9.9,81,2.4,北北東,,,--,--,曇,,Mazda Zoom-Zoom Stadium Hiroshima,Hiroshima,Outdoor
2025-03-01 3,1016.0,1022.6,--,9.6,5.8,9.2,77,2.6,北北東,,,--,--,曇,,Mazda Zoom-Zoom Stadium Hiroshima,Hiroshima,Outdoor
2025-03-01 4,1015.9,1022.5,--,9.2,5.4,9.0,77,3.5,北北東,,,--,--,曇,,Mazda Zoom-Zoom Stadium Hiroshima,Hiroshima,Outdoor
2025-03-01 5,1016.2,1022.8,--,8.7,4.7,8.5,76,3.1,北,,,--,--,曇,,Mazda Zoom-Zoom Stadium Hiroshima,Hiroshima,Outdoor
2025-03-01 6,1016.2,1022.9,--,8.3,4.0,8.1,74,6.0,北北東,,,--,--,曇,,Mazda Zoom-Zoom Stadium Hiroshima,Hiroshima,Outdoor
2025-03-01 7,1016.4,1023.1,--,8.0,3.9,8.0,75,5.6,北北東,0.0,0.01,--,--,晴れ,,Mazda Zoom-Zoom Stadium Hiroshima,Hiroshima,Outdoor
2025-03-01 8,1017.2,1023.9,--,8.4,4.1,8.2,74,4.9,北北東,0.0,0.13,--,--,曇,,Mazda Zoom-Zoom Stadium Hiroshima,Hiroshima,Outdoor
2025-03-01 9,1017.2,1023.8,--,8.8,4.0,8.2,72,2.9,北北東,0.0,0.37,--,--,曇,,Mazda Zoom-Zoom Stadium Hiroshima,Hiroshima,Outdoor
2025-03-01 10,1016.6,1023.2,--,9.5,4.7,8.5,72,2.6,北,0.0,0.51,--,--,曇,,Mazda Zoom-Zoom Stadium Hiroshima,Hiroshima,Outdoor
2025-03-01 11,1016.2,1022.8,--,10.5,6.1,9.4,74,1.4,北,0.0,0.86,--,--,曇,,Mazda Zoom-Zoom Stadium Hiroshima,Hiroshima,Outdoor
2025-03-01 12,1015.1,1021.6,--,12.5,7.0,10.0,69,1.7,南南東,0.2,1.53,--,--,晴れ,,Mazda Zoom-Zoom Stadium Hiroshima,Hiroshima,Outdoor
2025-03-01 13,1014.1,1020.6,--,13.5,7.1,10.1,65,3.8,南,0.9,2.63,--,--,晴れ,,Mazda Zoom-Zoom Stadium Hiroshima,Hiroshima,Outdoor
2025-03-01 14,1013.2,1019.7,--,15.1,7.7,10.5,61,1.6,南南西,1.0,2.64,--,--,晴れ,,Mazda Zoom-Zoom Stadium Hiroshima,Hiroshima,Outdoor
2025-03-01 15,1012.1,1018.5,--,15.7,8.0,10.7,60,2.7,南南西,1.0,2.17,--,--,晴れ,,Mazda Zoom-Zoom Stadium Hiroshima,Hiroshima,Outdoor
2025-03-01 16,1011.7,1018.1,--,16.1,7.9,10.6,58,2.5,南西,1.0,1.51,--,--,晴れ,,Mazda Zoom-Zoom Stadium Hiroshima,Hiroshima,Outdoor
2025-03-01 17,1011.7,1018.2,--,14.8,8.3,10.9,65,2.7,南西,0.5,0.69,--,--,晴れ,,Mazda Zoom-Zoom Stadium Hiroshima,Hiroshima,Outdoor
2025-03-01 18,1011.7,1018.2,--,14.4,8.4,11.0,67,0.8,西南西,0.0,0.08,--,--,曇,,Mazda Zoom-Zoom Stadium Hiroshima,Hiroshima,Outdoor
2025-03-01 19,1012.4,1018.9,0.0,14.2,9.2,11.7,72,0.8,南,0.0,0.00,--,--,雨,,Mazda Zoom-Zoom Stadium Hiroshima,Hiroshima,Outdoor
2025-03-01 20,1012.9,1019.4,0.0,14.3,9.7,12.1,74,1.1,南,,,--,--,雨,,Mazda Zoom-Zoom Stadium Hiroshima,Hiroshima,Outdoor
2025-03-01 21,1013.1,1019.6,0.0,14.1,10.1,12.4,77,1.5,南南東,,,--,--,雨,,Mazda Zoom-Zoom Stadium Hiroshima,Hiroshima,Outdoor
2025-03-01 22,1013.1,1019.6,0.0,13.5,10.5,12.7,82,0.3,北北東,,,--,--,雨,,Mazda Zoom-Zoom Stadium Hiroshima,Hiroshima,Outdoor
2025-03-01 23,1012.8,1019.3,0.0,13.4,10.9,13.1,85,2.2,北,,,--,--,雨,,Mazda Zoom-Zoom Stadium Hiroshima,Hiroshima,Outdoor
2025-03-01 24,1012.3,1018.8,0.5,13.3,11.2,13.3,87,0.8,北,,,--,--,雨,,Mazda Zoom-Zoom Stadium Hiroshima,Hiroshima,Outdoor
2025-03-02 1,1012.5,1019.0,2.0,13.1,11.3,13.4,89,0.1,静穏,,,--,--,雨,,Mazda Zoom-Zoom Stadium Hiroshima,Hiroshima,Outdoor
2025-03-02 2,1012.0,1018.5,1.5,12.7,11.1,13.2,90,0.8,北,,,--,--,雨,,Mazda Zoom-Zoom Stadium Hiroshima,Hiroshima,Outdoor
2025-03-02 3,1011.4,1017.9,0.0,13.0,11.4,13.5,90,1.2,北,,,--,--,雨,,Mazda Zoom-Zoom Stadium Hiroshima,Hiroshima,Outdoor
2025-03-02 4,1011.3,1017.8,0.5,13.1,11.5,13.6,90,1.1,南東,,,--,--,雨,,Mazda Zoom-Zoom Stadium Hiroshima,Hiroshima,Outdoor
2025-03-02 5,1011.3,1017.8,0.0,13.0,11.4,13.5,90,1.4,北北西,,,--,--,曇,,Mazda Zoom-Zoom Stadium Hiroshima,Hiroshima,Outdoor
2025-03-02 6,1011.4,1017.9,--,12.8,11.2,13.3,90,0.9,北,,,--,--,曇,,Mazda Zoom-Zoom Stadium Hiroshima,Hiroshima,Outdoor
2025-03-02 7,1011.6,1018.1,0.0,12.8,11.2,13.3,90,0.5,東,0.0,0.00,--,--,雨,,Mazda Zoom-Zoom Stadium Hiroshima,Hiroshima,Outdoor
2025-03-02 8,1012.3,1018.8,0.0,12.9,11.1,13.2,89,0.7,北,0.0,0.06,--,--,雨,,Mazda Zoom-Zoom Stadium Hiroshima,Hiroshima,Outdoor
2025-03-02 9,1012.4,1018.9,0.0,13.0,11.2,13.3,89,0.7,南,0.0,0.14,--,--,雨,,Mazda Zoom-Zoom Stadium Hiroshima,Hiroshima,Outdoor
2025-03-02 10,1012.1,1018.6,0.0,13.2,11.4,13.5,89,0.5,北西,0.0,0.26,--,--,雨,,Mazda Zoom-Zoom Stadium Hiroshima,Hiroshima,Outdoor
2025-03-02 11,1011.5,1018.0,1.0,13.6,12.0,14.0,90,0.3,東南東,0.0,0.58,--,--,雨,,Mazda Zoom-Zoom Stadium Hiroshima,Hiroshima,Outdoor
2025-03-02 12,1010.7,1017.2,0.0,14.5,12.5,14.5,88,1.4,西南西,0.0,0.75,--,--,曇,,Mazda Zoom-Zoom Stadium Hiroshima,Hiroshima,Outdoor
2025-03-02 13,1009.4,1015.8,--,14.8,12.1,14.1,84,1.2,南南西,0.0,0.76,--,--,曇,,Mazda Zoom-Zoom Stadium Hiroshima,Hiroshima,Outdoor
2025-03-02 14,1008.4,1014.8,0.0,14.6,12.1,14.1,85,0.6,南西,0.0,0.34,--,--,雨,,Mazda Zoom-Zoom Stadium Hiroshima,Hiroshima,Outdoor
2025-03-02 15,1008.2,1014.6,0.0,15.0,12.5,14.5,85,1.2,南南西,0.0,0.38,--,--,雨,,Mazda Zoom-Zoom Stadium Hiroshima,Hiroshima,Outdoor
2025-03-02 16,1007.6,1014.0,0.0,15.2,12.7,14.7,85,1.7,北,0.0,0.44,--,--,曇,,Mazda Zoom-Zoom Stadium Hiroshima,Hiroshima,Outdoor
2025-03-02 17,1007.9,1014.3,--,15.3,12.8,14.8,85,0.4,北北東,0.0,0.14,--,--,曇,,Mazda Zoom-Zoom Stadium Hiroshima,Hiroshima,Outdoor
2025-03-02 18,1007.7,1014.1,0.0,15.0,12.7,14.7,86,0.5,南南西,0.0,0.03,--,--,雨,,Mazda Zoom-Zoom Stadium Hiroshima,Hiroshima,Outdoor
2025-03-02 19,1008.0,1014.4,0.0,14.9,12.9,14.9,88,1.0,南西,0.0,0.00,--,--,曇,,Mazda Zoom-Zoom Stadium Hiroshima,Hiroshima,Outdoor
2025-03-02 20,1007.2,1013.6,0.0,14.6,12.6,14.6,88,1.4,北,,,--,--,曇,,Mazda Zoom-Zoom Stadium Hiroshima,Hiroshima,Outdoor
2025-03-02 21,1006.6,1013.0,--,14.7,12.7,14.7,88,0.6,東,,,--,--,曇,,Mazda Zoom-Zoom Stadium Hiroshima,Hiroshima,Outdoor
2025-03-02 22,1006.2,1012.6,1.5,14.2,12.4,14.4,89,0.4,南西,,,--,--,雨,,Mazda Zoom-Zoom Stadium Hiroshima,Hiroshima,Outdoor
2025-03-02 23,1005.3,1011.7,2.5,14.1,12.7,14.6,91,0.9,北北東,,,--,--,雨,,Mazda Zoom-Zoom Stadium Hiroshima,Hiroshima,Outdoor
2025-03-02 24,1004.2,1010.6,2.0,14.2,12.8,14.7,91,1.0,北,,,--,--,雨,,Mazda Zoom-Zoom Stadium Hiroshima,Hiroshima,Outdoor
2025-03-03 1,1003.4,1009.8,2.5,14.3,13.0,15.0,92,1.5,北,,,--,--,雨,,Mazda Zoom-Zoom Stadium Hiroshima,Hiroshima,Outdoor
2025-03-03 2,1003.4,1009.8,3.0,14.3,13.0,15.0,92,0.3,北,,,--,--,雨,,Mazda Zoom-Zoom Stadium Hiroshima,Hiroshima,Outdoor
2025-03-03 3,1002.9,1009.3,2.5,14.2,12.9,14.9,92,0.2,静穏,,,--,--,雨,,Mazda Zoom-Zoom Stadium Hiroshima,Hiroshima,Outdoor
2025-03-03 4,1001.3,1007.7,2.5,14.2,12.9,14.9,92,1.9,北北東,,,--,--,雨,,Mazda Zoom-Zoom Stadium Hiroshima,Hiroshima,Outdoor
2025-03-03 5,1001.1,1007.5,7.0,13.2,11.9,14.0,92,3.2,北,,,--,--,雨,,Mazda Zoom-Zoom Stadium Hiroshima,Hiroshima,Outdoor
2025-03-03 6,1001.6,1008.1,9.0,11.8,10.2,12.5,90,7.1,北北東,,,--,--,雨,,Mazda Zoom-Zoom Stadium Hiroshima,Hiroshima,Outdoor
2025-03-03 7,1004.1,1010.6,10.0,10.1,7.7,10.5,85,10.4,北北東,0.0,0.01,--,--,雨,,Mazda Zoom-Zoom Stadium Hiroshima,Hiroshima,Outdoor
2025-03-03 8,1006.7,1013.3,4.0,9.3,5.7,9.1,78,6.8,北北東,0.0,0.03,--,--,雨,,Mazda Zoom-Zoom Stadium Hiroshima,Hiroshima,Outdoor
2025-03-03 9,1007.5,1014.1,0.5,8.9,4.9,8.7,76,9.4,北北東,0.0,0.10,--,--,雨,,Mazda Zoom-Zoom Stadium Hiroshima,Hiroshima,Outdoor
2025-03-03 10,1008.9,1015.5,0.0,9.3,4.3,8.3,71,6.0,北,0.0,0.23,--,--,曇,,Mazda Zoom-Zoom Stadium Hiroshima,Hiroshima,Outdoor
2025-03-03 11,1009.3,1015.9,0.0,9.7,4.1,8.2,68,5.2,北北東,0.0,0.27,--,--,曇,,Mazda Zoom-Zoom Stadium Hiroshima,Hiroshima,Outdoor
2025-03-03 12,1010.8,1017.4,0.0,9.0,3.2,7.7,67,9.4,北北東,0.0,0.35,--,--,雨,,Mazda Zoom-Zoom Stadium Hiroshima,Hiroshima,Outdoor
2025-03-03 13,1010.7,1017.3,0.0,8.7,1.4,6.7,60,8.2,北北東,0.0,0.80,--,--,雨,,Mazda Zoom-Zoom Stadium Hiroshima,Hiroshima,Outdoor
2025-03-03 14,1011.0,1017.6,0.0,9.5,1.7,6.9,58,7.5,北北東,0.0,0.81,--,--,雨,,Mazda Zoom-Zoom Stadium Hiroshima,Hiroshima,Outdoor
2025-03-03 15,1011.9,1018.5,0.0,9.7,0.9,6.5,54,6.9,北北東,0.0,0.57,--,--,曇,,Mazda Zoom-Zoom Stadium Hiroshima,Hiroshima,Outdoor
2025-03-03 16,1012.0,1018.6,--,10.0,0.6,6.4,52,6.7,北北東,0.0,0.58,--,--,曇,,Mazda Zoom-Zoom Stadium Hiroshima,Hiroshima,Outdoor
2025-03-03 17,1012.6,1019.2,--,9.6,-0.3,6.0,50,9.1,北北東,0.0,0.31,--,--,曇,,Mazda Zoom-Zoom Stadium Hiroshima,Hiroshima,Outdoor
2025-03-03 18,1013.5,1020.1,--,9.0,-0.3,6.0,52,6.1,北東,0.0,0.07,--,--,曇,,Mazda Zoom-Zoom Stadium Hiroshima,Hiroshima,Outdoor
2025-03-03 19,1013.4,1020.0,--,8.4,-0.6,5.8,53,9.1,北北東,0.0,0.00,--,--,曇,,Mazda Zoom-Zoom Stadium Hiroshima,Hiroshima,Outdoor
2025-03-03 20,1014.6,1021.2,--,8.0,-1.0,5.7,53,8.5,北北東,,,--,--,曇,,Mazda Zoom-Zoom Stadium Hiroshima,Hiroshima,Outdoor
2025-03-03 21,1014.8,1021.5,--,7.7,-1.0,5.7,54,6.3,北北東,,,--,--,晴れ,,Mazda Zoom-Zoom Stadium Hiroshima,Hiroshima,Outdoor
2025-03-03 22,1015.1,1021.8,--,7.5,-0.7,5.8,56,7.2,北北東,,,--,--,曇,,Mazda Zoom-Zoom Stadium Hiroshima,Hiroshima,Outdoor
2025-03-03 23,1015.2,1021.9,0.0,7.1,-0.3,6.0,59,6.3,北北東,,,--,--,雨,,Mazda Zoom-Zoom Stadium Hiroshima,Hiroshima,Outdoor
2025-03-03 24,1015.7,1022.4,1.0,5.9,0.3,6.2,67,7.2,北北東,,,--,--,雨,,Mazda Zoom-Zoom Stadium Hiroshima,Hiroshima,Outdoor
2025-03-04 1,1015.2,1021.9,4.0,5.1,1.0,6.6,75,6.8,北北東,,,--,--,雨,,Mazda Zoom-Zoom Stadium Hiroshima,Hiroshima,Outdoor
2025-03-04 2,1015.6,1022.3,0.0,5.2,1.0,6.5,74,5.5,北北東,,,--,--,雨,,Mazda Zoom-Zoom Stadium Hiroshima,Hiroshima,Outdoor
2025-03-04 3,1015.3,1022.0,0.5,4.8,1.1,6.6,77,5.3,北北東,,,--,--,雨,,Mazda Zoom-Zoom Stadium Hiroshima,Hiroshima,Outdoor
2025-03-04 4,1014.8,1021.5,0.0,5.0,0.2,6.2,71,5.4,北北東,,,--,--,雨,,Mazda Zoom-Zoom Stadium Hiroshima,Hiroshima,Outdoor
2025-03-04 5,1014.5,1021.2,0.0,4.5,0.8,6.5,77,5.4,北北東,,,--,--,雨,,Mazda Zoom-Zoom Stadium Hiroshima,Hiroshima,Outdoor
2025-03-04 6,1014.5,1021.2,1.0,4.5,1.2,6.7,79,3.5,北北東,,,--,--,雨,,Mazda Zoom-Zoom Stadium Hiroshima,Hiroshima,Outdoor
2025-03-04 7,1013.9,1020.6,1.0,4.6,1.1,6.6,78,4.1,北北東,0.0,0.00,--,--,雨,,Mazda Zoom-Zoom Stadium Hiroshima,Hiroshima,Outdoor
2025-03-04 8,1014.4,1021.1,3.0,4.6,1.8,7.0,82,2.9,北北東,0.0,0.03,--,--,雨,,Mazda Zoom-Zoom Stadium Hiroshima,Hiroshima,Outdoor
2025-03-04 9,1013.7,1020.4,2.5,4.9,1.4,6.8,78,4.0,北北東,0.0,0.10,--,--,雨,,Mazda Zoom-Zoom Stadium Hiroshima,Hiroshima,Outdoor
2025-03-04 10,1013.1,1019.8,1.5,5.3,1.6,6.9,77,2.8,北東,0.0,0.20,--,--,雨,,Mazda Zoom-Zoom Stadium Hiroshima,Hiroshima,Outdoor
2025-03-04 11,1011.5,1018.2,0.5,5.9,1.8,7.0,75,3.1,北北東,0.0,0.32,--,--,雨,,Mazda Zoom-Zoom Stadium Hiroshima,Hiroshima,Outdoor
2025-03-04 12,1010.3,1017.0,1.0,5.7,2.0,7.1,77,1.2,北北東,0.0,0.21,--,--,雨,,Mazda Zoom-Zoom Stadium Hiroshima,Hiroshima,Outdoor
2025-03-04 13,1008.8,1015.5,0.0,6.1,2.4,7.3,77,2.8,北東,0.0,0.23,--,--,雨,,Mazda Zoom-Zoom Stadium Hiroshima,Hiroshima,Outdoor
2025-03-04 14,1007.1,1013.7,1.0,6.1,3.1,7.6,81,1.8,北北東,0.0,0.29,--,--,雨,,Mazda Zoom-Zoom Stadium Hiroshima,Hiroshima,Outdoor
2025-03-04 15,1006.0,1012.6,0.0,6.4,3.9,8.1,84,2.7,北,0.0,0.31,--,--,雨,,Mazda Zoom-Zoom Stadium Hiroshima,Hiroshima,Outdoor
2025-03-04 16,1006.5,1013.1,2.5,6.4,3.9,8.1,84,4.9,北,0.0,0.17,--,--,雨,,Mazda Zoom-Zoom Stadium Hiroshima,Hiroshima,Outdoor
2025-03-04 17,1006.8,1013.4,2.5,6.8,4.3,8.3,84,5.2,北北東,0.0,0.10,--,--,雨,,Mazda Zoom-Zoom Stadium Hiroshima,Hiroshima,Outdoor
2025-03-04 18,1007.2,1013.8,1.5,6.8,4.3,8.3,84,4.6,北北東,0.0,0.04,--,--,雨,,Mazda Zoom-Zoom Stadium Hiroshima,Hiroshima,Outdoor
2025-03-04 19,1007.5,1014.1,1.0,7.2,4.7,8.5,84,3.4,北,0.0,0.00,--,--,雨,,Mazda Zoom-Zoom Stadium Hiroshima,Hiroshima,Outdoor
2025-03-04 20,1008.6,1015.2,2.0,7.1,4.9,8.7,86,1.8,北,,,--,--,雨,,Mazda Zoom-Zoom Stadium Hiroshima,Hiroshima,Outdoor
2025-03-04 21,1008.5,1015.1,0.5,7.1,4.8,8.6,85,2.7,北東,,,--,--,雨,,Mazda Zoom-Zoom Stadium Hiroshima,Hiroshima,Outdoor
2025-03-04 22,1009.0,1015.6,0.0,7.2,5.0,8.7,86,2.0,北北西,,,--,--,曇,,Mazda Zoom-Zoom Stadium Hiroshima,Hiroshima,Outdoor
2025-03-04 23,1008.8,1015.4,--,7.4,4.7,8.5,83,1.3,北,,,--,--,曇,,Mazda Zoom-Zoom Stadium Hiroshima,Hiroshima,Outdoor
2025-03-04 24,1008.8,1015.4,--,7.4,5.1,8.8,85,2.3,北,,,--,--,曇,,Mazda Zoom-Zoom Stadium Hiroshima,Hiroshima,Outdoor
2025-03-05 1,1008.7,1015.3,--,7.5,5.2,8.8,85,2.4,北,,,--,--,曇,,Mazda Zoom-Zoom Stadium Hiroshima,Hiroshima,Outdoor
2025-03-05 2,1008.9,1015.5,--,7.6,5.1,8.8,84,2.5,北北東,,,--,--,曇,,Mazda Zoom-Zoom Stadium Hiroshima,Hiroshima,Outdoor
2025-03-05 3,1008.3,1014.9,--,7.5,5.0,8.7,84,3.2,北,,,--,--,曇,,Mazda Zoom-Zoom Stadium Hiroshima,Hiroshima,Outdoor
2025-03-05 4,1007.7,1014.3,--,7.5,5.0,8.7,84,4.9,北北東,,,--,--,曇,,Mazda Zoom-Zoom Stadium Hiroshima,Hiroshima,Outdoor
2025-03-05 5,1007.6,1014.2,--,7.7,4.8,8.6,82,1.1,北北東,,,--,--,曇,,Mazda Zoom-Zoom Stadium Hiroshima,Hiroshima,Outdoor
2025-03-05 6,1008.2,1014.8,--,7.9,4.9,8.6,81,2.7,北北東,,,--,--,曇,,Mazda Zoom-Zoom Stadium Hiroshima,Hiroshima,Outdoor
2025-03-05 7,1009.1,1015.7,--,8.2,4.6,8.5,78,3.0,北,0.0,0.00,--,--,曇,,Mazda Zoom-Zoom Stadium Hiroshima,Hiroshima,Outdoor
2025-03-05 8,1008.9,1015.5,--,8.7,5.1,8.8,78,3.9,北北東,0.0,0.10,--,--,曇,,Mazda Zoom-Zoom Stadium Hiroshima,Hiroshima,Outdoor
2025-03-05 9,1010.6,1017.2,0.0,9.3,4.9,8.7,74,1.0,南南東,0.0,0.15,--,--,曇,,Mazda Zoom-Zoom Stadium Hiroshima,Hiroshima,Outdoor
2025-03-05 10,1010.6,1017.2,0.0,10.3,4.5,8.4,67,2.3,北北東,0.0,0.85,--,--,曇,,Mazda Zoom-Zoom Stadium Hiroshima,Hiroshima,Outdoor
2025-03-05 11,1010.4,1016.9,--,11.8,4.1,8.2,59,4.3,北北東,0.3,1.51,--,--,曇,,Mazda Zoom-Zoom Stadium Hiroshima,Hiroshima,Outdoor
2025-03-05 12,1010.5,1017.0,--,12.0,3.5,7.9,56,4.5,北北東,0.2,1.24,--,--,曇,,Mazda Zoom-Zoom Stadium Hiroshima,Hiroshima,Outdoor
2025-03-05 13,1009.6,1016.1,--,12.1,3.1,7.6,54,3.8,北,0.0,0.56,--,--,曇,,Mazda Zoom-Zoom Stadium Hiroshima,Hiroshima,Outdoor
2025-03-05 14,1009.2,1015.7,--,12.5,3.5,7.8,54,6.1,北北東,0.0,1.06,--,--,曇,,Mazda Zoom-Zoom Stadium Hiroshima,Hiroshima,Outdoor
2025-03-05 15,1008.9,1015.4,--,11.7,2.7,7.4,54,6.6,北北東,0.0,0.68,--,--,曇,,Mazda Zoom-Zoom Stadium Hiroshima,Hiroshima,Outdoor
2025-03-05 16,1009.4,1015.9,0.0,11.1,2.4,7.3,55,7.0,北北東,0.0,0.48,--,--,曇,,Mazda Zoom-Zoom Stadium Hiroshima,Hiroshima,Outdoor
2025-03-05 17,1010.4,1017.0,--,10.4,2.0,7.1,56,5.7,北北東,0.0,0.21,--,--,曇,,Mazda Zoom-Zoom Stadium Hiroshima,Hiroshima,Outdoor
2025-03-05 18,1011.8,1018.4,0.0,10.0,1.6,6.9,56,4.7,北北東,0.0,0.09,--,--,雨,,Mazda Zoom-Zoom Stadium Hiroshima,Hiroshima,Outdoor
2025-03-05 19,1011.8,1018.4,0.0,9.1,1.0,6.6,57,6.3,北北東,0.0,0.00,--,--,晴れ,,Mazda Zoom-Zoom Stadium Hiroshima,Hiroshima,Outdoor
2025-03-05 20,1012.8,1019.4,--,8.7,0.9,6.5,58,4.4,北北東,,,--,--,曇,,Mazda Zoom-Zoom Stadium Hiroshima,Hiroshima,Outdoor
2025-03-05 21,1013.1,1019.7,--,8.3,0.8,6.5,59,4.5,北北東,,,--,--,曇,,Mazda Zoom-Zoom Stadium Hiroshima,Hiroshima,Outdoor
2025-03-05 22,1013.2,1019.8,--,7.8,1.0,6.6,62,4.9,北北東,,,--,--,曇,,Mazda Zoom-Zoom Stadium Hiroshima,Hiroshima,Outdoor
2025-03-05 23,1012.9,1019.5,--,7.6,0.6,6.4,61,5.5,北北東,,,--,--,曇,,Mazda Zoom-Zoom Stadium Hiroshima,Hiroshima,Outdoor
2025-03-05 24,1013.3,1020.0,--,7.3,0.7,6.4,63,2.9,北北東,,,--,--,曇,,Mazda Zoom-Zoom Stadium Hiroshima,Hiroshima,Outdoor
2025-03-06 1,1013.8,1020.5,--,7.1,0.3,6.3,62,4.1,北,,,--,--,曇,,Mazda Zoom-Zoom Stadium Hiroshima,Hiroshima,Outdoor
2025-03-06 2,1013.2,1019.9,--,6.7,0.4,6.3,64,3.6,北,,,--,--,曇,,Mazda Zoom-Zoom Stadium Hiroshima,Hiroshima,Outdoor
2025-03-06 3,1013.2,1019.9,--,6.5,0.4,6.3,65,5.5,北,,,--,--,曇,,Mazda Zoom-Zoom Stadium Hiroshima,Hiroshima,Outdoor
2025-03-06 4,1013.3,1020.0,0.0,6.2,-0.1,6.1,64,5.8,北北東,,,--,--,曇,,Mazda Zoom-Zoom Stadium Hiroshima,Hiroshima,Outdoor
2025-03-06 5,1013.9,1020.6,0.0,6.0,-0.1,6.1,65,3.8,北,,,--,--,曇,,Mazda Zoom-Zoom Stadium Hiroshima,Hiroshima,Outdoor
2025-03-06 6,1014.2,1020.9,--,5.9,-0.6,5.9,63,3.3,北,,,--,--,曇,,Mazda Zoom-Zoom Stadium Hiroshima,Hiroshima,Outdoor
2025-03-06 7,1014.7,1021.4,--,6.0,-0.5,5.9,63,3.5,北北東,0.0,0.01,--,--,曇,,Mazda Zoom-Zoom Stadium Hiroshima,Hiroshima,Outdoor
2025-03-06 8,1015.0,1021.7,0.0,5.8,0.4,6.3,68,4.2,北,0.0,0.24,--,--,曇,,Mazda Zoom-Zoom Stadium Hiroshima,Hiroshima,Outdoor
2025-03-06 9,1015.3,1022.0,0.0,6.7,0.2,6.2,63,4.0,北,0.0,0.43,--,--,雨,,Mazda Zoom-Zoom Stadium Hiroshima,Hiroshima,Outdoor
2025-03-06 10,1015.5,1022.2,0.0,7.1,-0.6,5.9,58,4.7,北北東,0.1,1.07,--,--,曇,,Mazda Zoom-Zoom Stadium Hiroshima,Hiroshima,Outdoor
2025-03-06 11,1015.6,1022.3,0.0,7.3,-1.4,5.5,54,5.3,北,0.1,0.91,--,--,雨,,Mazda Zoom-Zoom Stadium Hiroshima,Hiroshima,Outdoor
2025-03-06 12,1015.0,1021.6,0.0,9.5,-2.1,5.2,44,5.2,北,0.3,1.88,--,--,曇,,Mazda Zoom-Zoom Stadium Hiroshima,Hiroshima,Outdoor
2025-03-06 13,1014.1,1020.7,--,10.6,-1.1,5.6,44,3.7,北,0.7,2.28,--,--,曇,,Mazda Zoom-Zoom Stadium Hiroshima,Hiroshima,Outdoor
2025-03-06 14,1013.4,1020.0,0.0,9.4,-0.2,6.0,51,6.7,北北東,0.0,1.15,--,--,雨,,Mazda Zoom-Zoom Stadium Hiroshima,Hiroshima,Outdoor
2025-03-06 15,1013.7,1020.3,0.0,8.1,0.1,6.2,57,7.0,北北東,0.5,1.60,--,--,雨,,Mazda Zoom-Zoom Stadium Hiroshima,Hiroshima,Outdoor
2025-03-06 16,1014.0,1020.6,0.0,8.4,-1.7,5.4,49,6.9,北,0.2,0.95,--,--,曇,,Mazda Zoom-Zoom Stadium Hiroshima,Hiroshima,Outdoor
2025-03-06 17,1014.8,1021.5,0.0,7.6,-1.4,5.5,53,8.1,北北西,0.2,0.54,--,--,雨,,Mazda Zoom-Zoom Stadium Hiroshima,Hiroshima,Outdoor
2025-03-06 18,1015.5,1022.2,--,7.0,-1.9,5.3,53,7.4,北,0.2,0.25,--,--,曇,,Mazda Zoom-Zoom Stadium Hiroshima,Hiroshima,Outdoor
2025-03-06 19,1016.3,1023.0,--,6.4,-4.1,4.5,47,9.5,北,0.0,0.00,--,--,晴れ,,Mazda Zoom-Zoom Stadium Hiroshima,Hiroshima,Outdoor
2025-03-06 20,1017.2,1023.9,--,6.1,-3.8,4.6,49,6.5,北,,,--,--,晴れ,,Mazda Zoom-Zoom Stadium Hiroshima,Hiroshima,Outdoor
2025-03-06 21,1017.8,1024.5,0.0,5.9,-3.4,4.7,51,6.2,北,,,--,--,みぞれ,,Mazda Zoom-Zoom Stadium Hiroshima,Hiroshima,Outdoor
2025-03-06 22,1018.4,1025.1,0.0,5.4,-3.4,4.8,53,4.6,北北東,,,--,--,晴れ,,Mazda Zoom-Zoom Stadium Hiroshima,Hiroshima,Outdoor
2025-03-06 23,1018.4,1025.1,--,5.2,-3.8,4.6,52,4.0,北北東,,,--,--,晴れ,,Mazda Zoom-Zoom Stadium Hiroshima,Hiroshima,Outdoor
2025-03-06 24,1018.8,1025.6,--,4.7,-3.3,4.8,56,4.1,北,,,--,--,晴れ,,Mazda Zoom-Zoom Stadium Hiroshima,Hiroshima,Outdoor
2025-03-07 1,1019.0,1025.8,0.0,4.5,-2.4,5.1,61,4.8,北北東,,,--,--,みぞれ,,Mazda Zoom-Zoom Stadium Hiroshima,Hiroshima,Outdoor
2025-03-07 2,1018.8,1025.6,0.0,4.2,-2.2,5.2,63,4.0,北,,,--,--,晴れ,,Mazda Zoom-Zoom Stadium Hiroshima,Hiroshima,Outdoor
2025-03-07 3,1019.3,1026.1,0.0,4.6,-2.9,4.9,58,5.5,北,,,--,--,晴れ,,Mazda Zoom-Zoom Stadium Hiroshima,Hiroshima,Outdoor
2025-03-07 4,1019.2,1026.0,--,4.5,-4.2,4.5,53,4.6,北北東,,,--,--,晴れ,,Mazda Zoom-Zoom Stadium Hiroshima,Hiroshima,Outdoor
2025-03-07 5,1020.1,1026.9,--,4.0,-3.3,4.8,59,3.0,北北東,,,--,--,晴れ,,Mazda Zoom-Zoom Stadium Hiroshima,Hiroshima,Outdoor
2025-03-07 6,1020.2,1027.0,--,4.2,-4.0,4.5,55,5.6,北北東,,,--,--,晴れ,,Mazda Zoom-Zoom Stadium Hiroshima,Hiroshima,Outdoor
2025-03-07 7,1021.0,1027.8,--,4.4,-4.1,4.5,54,4.0,北北東,0.0,0.03,--,--,曇,,Mazda Zoom-Zoom Stadium Hiroshima,Hiroshima,Outdoor
2025-03-07 8,1022.0,1028.8,--,4.7,-4.3,4.4,52,3.3,北北東,0.6,0.42,--,--,曇,,Mazda Zoom-Zoom Stadium Hiroshima,Hiroshima,Outdoor
2025-03-07 9,1022.2,1029.0,--,5.9,-4.8,4.3,46,3.8,北北東,0.4,1.00,--,--,晴れ,,Mazda Zoom-Zoom Stadium Hiroshima,Hiroshima,Outdoor
2025-03-07 10,1022.2,1028.9,--,7.0,-6.0,3.9,39,4.3,北北東,0.9,1.85,--,--,晴れ,,Mazda Zoom-Zoom Stadium Hiroshima,Hiroshima,Outdoor
2025-03-07 11,1021.5,1028.2,--,7.4,-6.7,3.7,36,6.5,北北東,0.5,1.73,--,--,曇,,Mazda Zoom-Zoom Stadium Hiroshima,Hiroshima,Outdoor
2025-03-07 12,1021.2,1027.9,--,7.9,-7.0,3.6,34,6.3,北,0.3,1.80,--,--,曇,,Mazda Zoom-Zoom Stadium Hiroshima,Hiroshima,Outdoor
2025-03-07 13,1020.2,1026.9,--,9.2,-7.9,3.4,29,4.8,北東,0.7,2.71,--,--,曇,,Mazda Zoom-Zoom Stadium Hiroshima,Hiroshima,Outdoor
2025-03-07 14,1019.8,1026.4,--,10.6,-6.7,3.7,29,5.5,北,0.6,2.24,--,--,曇,,Mazda Zoom-Zoom Stadium Hiroshima,Hiroshima,Outdoor
2025-03-07 15,1019.9,1026.5,--,10.5,-7.7,3.4,27,5.9,北,0.9,2.18,--,--,曇,,Mazda Zoom-Zoom Stadium Hiroshima,Hiroshima,Outdoor
2025-03-07 16,1019.7,1026.3,--,10.3,-6.9,3.6,29,3.7,北,1.0,1.91,--,--,晴れ,,Mazda Zoom-Zoom Stadium Hiroshima,Hiroshima,Outdoor
2025-03-07 17,1019.4,1026.1,--,8.9,-7.3,3.5,31,5.1,北北東,0.9,0.99,--,--,晴れ,,Mazda Zoom-Zoom Stadium Hiroshima,Hiroshima,Outdoor
2025-03-07 18,1019.8,1026.5,--,8.4,-7.7,3.4,31,7.3,北東,0.7,0.33,--,--,晴れ,,Mazda Zoom-Zoom Stadium Hiroshima,Hiroshima,Outdoor
2025-03-07 19,1020.1,1026.8,--,7.5,-6.2,3.8,37,6.5,北東,0.0,0.00,--,--,晴れ,,Mazda Zoom-Zoom Stadium Hiroshima,Hiroshima,Outdoor
2025-03-07 20,1021.1,1027.8,--,7.0,-7.4,3.5,35,4.5,北北東,,,--,--,曇,,Mazda Zoom-Zoom Stadium Hiroshima,Hiroshima,Outdoor
2025-03-07 21,1021.5,1028.2,--,6.1,-5.8,4.0,42,5.4,北北東,,,--,--,曇,,Mazda Zoom-Zoom Stadium Hiroshima,Hiroshima,Outdoor
2025-03-07 22,1021.5,1028.3,--,5.4,-5.0,4.2,47,5.3,北北東,,,--,--,晴れ,,Mazda Zoom-Zoom Stadium Hiroshima,Hiroshima,Outdoor
2025-03-07 23,1021.7,1028.5,--,5.1,-4.7,4.3,49,4.8,北北東,,,--,--,曇,,Mazda Zoom-Zoom Stadium Hiroshima,Hiroshima,Outdoor
2025-03-07 24,1021.6,1028.4,--,4.8,-5.0,4.2,49,4.5,北北東,,,--,--,曇,,Mazda Zoom-Zoom Stadium Hiroshima,Hiroshima,Outdoor
2025-03-08 1,1021.1,1027.9,--,4.5,-5.0,4.2,50,3.6,北北東,,,--,--,曇,,Mazda Zoom-Zoom Stadium Hiroshima,Hiroshima,Outdoor
2025-03-08 2,1021.6,1028.4,--,4.4,-5.1,4.2,50,2.8,北北東,,,--,--,曇,,Mazda Zoom-Zoom Stadium Hiroshima,Hiroshima,Outdoor
2025-03-08 3,1021.1,1027.9,--,4.3,-4.9,4.2,51,1.9,北北東,,,--,--,曇,,Mazda Zoom-Zoom Stadium Hiroshima,Hiroshima,Outdoor
2025-03-08 4,1020.5,1027.3,--,3.9,-4.8,4.3,53,2.6,北北東,,,--,--,曇,,Mazda Zoom-Zoom Stadium Hiroshima,Hiroshima,Outdoor
2025-03-08 5,1021.1,1027.9,--,3.9,-4.8,4.3,53,2.5,北北東,,,--,--,曇,,Mazda Zoom-Zoom Stadium Hiroshima,Hiroshima,Outdoor
2025-03-08 6,1020.2,1027.0,--,3.5,-4.7,4.3,55,2.9,北北東,,,--,--,曇,,Mazda Zoom-Zoom Stadium Hiroshima,Hiroshima,Outdoor
2025-03-08 7,1020.2,1027.0,--,3.3,-4.4,4.4,57,3.9,北北東,0.0,0.02,--,--,曇,,Mazda Zoom-Zoom Stadium Hiroshima,Hiroshima,Outdoor
2025-03-08 8,1020.7,1027.5,--,4.1,-4.9,4.3,52,2.7,北,0.3,0.37,--,--,晴れ,,Mazda Zoom-Zoom Stadium Hiroshima,Hiroshima,Outdoor
2025-03-08 9,1020.9,1027.7,--,5.4,-5.3,4.1,46,3.2,北,0.8,1.06,--,--,晴れ,,Mazda Zoom-Zoom Stadium Hiroshima,Hiroshima,Outdoor
2025-03-08 10,1020.8,1027.5,--,6.5,-5.8,4.0,41,1.8,北西,0.6,1.29,--,--,曇,,Mazda Zoom-Zoom Stadium Hiroshima,Hiroshima,Outdoor
2025-03-08 11,1020.4,1027.1,--,7.5,-5.2,4.1,40,2.6,南西,0.1,1.15,--,--,曇,,Mazda Zoom-Zoom Stadium Hiroshima,Hiroshima,Outdoor
2025-03-08 12,1019.8,1026.5,--,8.2,-4.6,4.3,40,2.0,南,1.0,2.78,--,--,晴れ,,Mazda Zoom-Zoom Stadium Hiroshima,Hiroshima,Outdoor
2025-03-08 13,1018.7,1025.3,--,9.1,-3.4,4.7,41,2.7,南南東,1.0,2.87,--,--,晴れ,,Mazda Zoom-Zoom Stadium Hiroshima,Hiroshima,Outdoor
2025-03-08 14,1018.3,1024.9,--,11.0,-2.4,5.1,39,3.6,南南西,1.0,2.74,--,--,晴れ,,Mazda Zoom-Zoom Stadium Hiroshima,Hiroshima,Outdoor
2025-03-08 15,1017.8,1024.4,--,10.2,-2.8,5.0,40,4.1,南西,1.0,2.35,--,--,晴れ,,Mazda Zoom-Zoom Stadium Hiroshima,Hiroshima,Outdoor
2025-03-08 16,1017.7,1024.3,--,10.0,-1.1,5.6,46,4.0,南西,1.0,1.79,--,--,晴れ,,Mazda Zoom-Zoom Stadium Hiroshima,Hiroshima,Outdoor
2025-03-08 17,1017.9,1024.5,--,9.5,-1.5,5.5,46,4.8,南西,1.0,1.18,--,--,晴れ,,Mazda Zoom-Zoom Stadium Hiroshima,Hiroshima,Outdoor
2025-03-08 18,1018.5,1025.1,--,9.1,-1.3,5.5,48,3.5,南西,0.5,0.31,--,--,晴れ,,Mazda Zoom-Zoom Stadium Hiroshima,Hiroshima,Outdoor
2025-03-08 19,1019.0,1025.7,--,8.7,-0.1,6.1,54,2.7,南南西,0.0,0.01,--,--,晴れ,,Mazda Zoom-Zoom Stadium Hiroshima,Hiroshima,Outdoor
2025-03-08 20,1019.6,1026.3,--,8.3,0.1,6.1,56,1.4,西,,,--,--,晴れ,,Mazda Zoom-Zoom Stadium Hiroshima,Hiroshima,Outdoor
2025-03-08 21,1020.1,1026.8,--,7.3,-0.4,5.9,58,2.8,北,,,--,--,晴れ,,Mazda Zoom-Zoom Stadium Hiroshima,Hiroshima,Outdoor
2025-03-08 22,1020.4,1027.1,--,6.4,-2.0,5.3,55,3.5,北北東,,,--,--,晴れ,,Mazda Zoom-Zoom Stadium Hiroshima,Hiroshima,Outdoor
2025-03-08 23,1020.3,1027.0,--,5.5,-2.8,5.0,55,4.1,北北東,,,--,--,晴れ,,Mazda Zoom-Zoom Stadium Hiroshima,Hiroshima,Outdoor
2025-03-08 24,1020.8,1027.6,--,4.8,-3.0,4.9,57,4.6,北北東,,,--,--,晴れ,,Mazda Zoom-Zoom Stadium Hiroshima,Hiroshima,Outdoor
2025-03-09 1,1021.0,1027.8,--,4.4,-3.1,4.9,58,3.3,北北東,,,--,--,晴れ,,Mazda Zoom-Zoom Stadium Hiroshima,Hiroshima,Outdoor
2025-03-09 2,1020.9,1027.7,--,3.8,-3.7,4.7,58,4.2,北北東,,,--,--,晴れ,,Mazda Zoom-Zoom Stadium Hiroshima,Hiroshima,Outdoor
2025-03-09 3,1021.0,1027.8,--,3.3,-3.7,4.6,60,3.9,北北東,,,--,--,晴れ,,Mazda Zoom-Zoom Stadium Hiroshima,Hiroshima,Outdoor
2025-03-09 4,1021.3,1028.1,--,2.9,-3.9,4.6,61,5.1,北北東,,,--,--,晴れ,,Mazda Zoom-Zoom Stadium Hiroshima,Hiroshima,Outdoor
2025-03-09 5,1021.4,1028.2,--,2.5,-3.8,4.6,63,5.2,北北東,,,--,--,晴れ,,Mazda Zoom-Zoom Stadium Hiroshima,Hiroshima,Outdoor
2025-03-09 6,1021.9,1028.7,--,2.0,-4.1,4.5,64,7.0,北北東,,0.00,--,--,晴れ,,Mazda Zoom-Zoom Stadium Hiroshima,Hiroshima,Outdoor
2025-03-09 7,1022.4,1029.2,--,2.3,-4.2,4.5,62,6.6,北北東,0.2,0.05,--,--,晴れ,,Mazda Zoom-Zoom Stadium Hiroshima,Hiroshima,Outdoor
2025-03-09 8,1023.1,1029.9,--,3.1,-4.3,4.4,58,6.1,北,1.0,0.57,--,--,晴れ,,Mazda Zoom-Zoom Stadium Hiroshima,Hiroshima,Outdoor
2025-03-09 9,1023.7,1030.5,--,5.4,-4.4,4.4,49,3.8,北北東,1.0,1.33,--,--,晴れ,,Mazda Zoom-Zoom Stadium Hiroshima,Hiroshima,Outdoor
2025-03-09 10,1023.9,1030.6,--,7.7,-3.8,4.6,44,1.9,北,1.0,2.04,--,--,晴れ,,Mazda Zoom-Zoom Stadium Hiroshima,Hiroshima,Outdoor
2025-03-09 11,1023.6,1030.2,--,11.2,-4.5,4.4,33,1.5,西南西,1.0,2.58,--,--,晴れ,,Mazda Zoom-Zoom Stadium Hiroshima,Hiroshima,Outdoor
2025-03-09 12,1022.7,1029.3,--,12.8,-4.3,4.4,30,2.3,南南東,1.0,2.91,--,--,晴れ,,Mazda Zoom-Zoom Stadium Hiroshima,Hiroshima,Outdoor
2025-03-09 13,1021.8,1028.4,--,11.9,-2.3,5.2,37,5.3,南西,1.0,2.99,--,--,晴れ,,Mazda Zoom-Zoom Stadium Hiroshima,Hiroshima,Outdoor
2025-03-09 14,1021.2,1027.8,--,12.5,-3.3,4.8,33,3.7,南南西,1.0,2.73,--,--,晴れ,,Mazda Zoom-Zoom Stadium Hiroshima,Hiroshima,Outdoor
2025-03-09 15,1020.9,1027.5,--,12.0,-1.5,5.5,39,4.4,南西,0.7,1.98,--,--,晴れ,,Mazda Zoom-Zoom Stadium Hiroshima,Hiroshima,Outdoor
2025-03-09 16,1020.9,1027.5,--,12.6,-0.6,5.8,40,2.7,南南西,1.0,1.97,--,--,晴れ,,Mazda Zoom-Zoom Stadium Hiroshima,Hiroshima,Outdoor
2025-03-09 17,1021.5,1028.1,--,11.6,-0.2,6.0,44,3.0,南西,1.0,1.17,--,--,晴れ,,Mazda Zoom-Zoom Stadium Hiroshima,Hiroshima,Outdoor
2025-03-09 18,1021.7,1028.3,--,11.0,-1.7,5.4,41,3.0,南南西,0.7,0.38,--,--,晴れ,,Mazda Zoom-Zoom Stadium Hiroshima,Hiroshima,Outdoor
2025-03-09 19,1022.2,1028.8,--,10.8,-1.3,5.6,43,2.3,南南西,0.0,0.01,--,--,晴れ,,Mazda Zoom-Zoom Stadium Hiroshima,Hiroshima,Outdoor
2025-03-09 20,1023.0,1029.7,--,10.1,-0.7,5.8,47,1.2,北,,,--,--,晴れ,,Mazda Zoom-Zoom Stadium Hiroshima,Hiroshima,Outdoor
2025-03-09 21,1023.5,1030.2,--,9.4,-0.5,5.9,50,3.7,北北東,,,--,--,晴れ,,Mazda Zoom-Zoom Stadium Hiroshima,Hiroshima,Outdoor
2025-03-09 22,1023.7,1030.4,--,8.7,-0.9,5.7,51,4.9,北北東,,,--,--,晴れ,,Mazda Zoom-Zoom Stadium Hiroshima,Hiroshima,Outdoor
2025-03-09 23,1023.8,1030.5,--,7.9,-0.8,5.8,54,5.1,北北東,,,--,--,晴れ,,Mazda Zoom-Zoom Stadium Hiroshima,Hiroshima,Outdoor
2025-03-09 24,1023.9,1030.6,--,7.5,-0.7,5.8,56,4.1,北北東,,,--,--,晴れ,,Mazda Zoom-Zoom Stadium Hiroshima,Hiroshima,Outdoor
2025-03-10 1,1024.0,1030.7,--,6.8,-0.9,5.7,58,3.7,北北東,,,--,--,晴れ,,Mazda Zoom-Zoom Stadium Hiroshima,Hiroshima,Outdoor
2025-03-10 2,1023.6,1030.4,--,6.3,-0.7,5.8,61,4.7,北北東,,,--,--,晴れ,,Mazda Zoom-Zoom Stadium Hiroshima,Hiroshima,Outdoor
2025-03-10 3,1023.3,1030.1,--,5.5,-1.0,5.7,63,4.9,北北東,,,--,--,晴れ,,Mazda Zoom-Zoom Stadium Hiroshima,Hiroshima,Outdoor
2025-03-10 4,1023.6,1030.4,--,5.0,-0.8,5.8,66,5.1,北北東,,,--,--,晴れ,,Mazda Zoom-Zoom Stadium Hiroshima,Hiroshima,Outdoor
2025-03-10 5,1023.8,1030.6,--,4.4,-1.4,5.5,66,5.3,北,,,--,--,晴れ,,Mazda Zoom-Zoom Stadium Hiroshima,Hiroshima,Outdoor
2025-03-10 6,1024.1,1030.9,--,3.8,-1.6,5.5,68,5.9,北北東,,0.00,--,--,晴れ,,Mazda Zoom-Zoom Stadium Hiroshima,Hiroshima,Outdoor
2025-03-10 7,1024.3,1031.1,--,3.6,-1.7,5.4,68,5.9,北,0.2,0.05,--,--,晴れ,,Mazda Zoom-Zoom Stadium Hiroshima,Hiroshima,Outdoor
2025-03-10 8,1024.5,1031.3,--,4.2,-2.0,5.3,64,5.0,北,1.0,0.59,--,--,晴れ,,Mazda Zoom-Zoom Stadium Hiroshima,Hiroshima,Outdoor
2025-03-10 9,1024.7,1031.5,--,6.0,-1.6,5.4,58,3.3,北,1.0,1.34,--,--,晴れ,,Mazda Zoom-Zoom Stadium Hiroshima,Hiroshima,Outdoor
2025-03-10 10,1024.1,1030.8,--,9.0,-1.4,5.5,48,1.9,北,1.0,2.05,--,--,晴れ,,Mazda Zoom-Zoom Stadium Hiroshima,Hiroshima,Outdoor
2025-03-10 11,1023.3,1029.9,--,12.1,-0.7,5.8,41,0.9,北北西,1.0,2.60,--,--,晴れ,,Mazda Zoom-Zoom Stadium Hiroshima,Hiroshima,Outdoor
2025-03-10 12,1022.3,1028.9,--,12.6,-1.7,5.4,37,3.7,南西,1.0,2.83,--,--,晴れ,,Mazda Zoom-Zoom Stadium Hiroshima,Hiroshima,Outdoor
2025-03-10 13,1021.6,1028.2,--,12.9,-1.4,5.5,37,3.4,南西,1.0,2.70,--,--,晴れ,,Mazda Zoom-Zoom Stadium Hiroshima,Hiroshima,Outdoor
2025-03-10 14,1020.6,1027.1,--,13.5,-2.0,5.3,34,2.8,南,1.0,2.59,--,--,晴れ,,Mazda Zoom-Zoom Stadium Hiroshima,Hiroshima,Outdoor
2025-03-10 15,1019.7,1026.2,--,13.8,-1.0,5.7,36,3.1,南南西,1.0,2.06,--,--,晴れ,,Mazda Zoom-Zoom Stadium Hiroshima,Hiroshima,Outdoor
2025-03-10 16,1019.4,1025.9,--,14.3,-0.5,5.9,36,4.2,南西,0.6,1.30,--,--,曇,,Mazda Zoom-Zoom Stadium Hiroshima,Hiroshima,Outdoor
2025-03-10 17,1019.6,1026.2,--,12.6,0.7,6.4,44,2.7,南,0.1,0.42,--,--,曇,,Mazda Zoom-Zoom Stadium Hiroshima,Hiroshima,Outdoor
2025-03-10 18,1019.3,1025.9,--,11.9,0.4,6.3,45,3.4,南,0.0,0.08,--,--,曇,,Mazda Zoom-Zoom Stadium Hiroshima,Hiroshima,Outdoor
2025-03-10 19,1019.5,1026.1,--,11.6,1.8,7.0,51,2.6,南西,0.0,0.00,--,--,曇,,Mazda Zoom-Zoom Stadium Hiroshima,Hiroshima,Outdoor
2025-03-10 20,1019.9,1026.5,--,11.5,0.3,6.2,46,2.6,南南西,,,--,--,曇,,Mazda Zoom-Zoom Stadium Hiroshima,Hiroshima,Outdoor
2025-03-10 21,1020.0,1026.6,0.0,11.1,1.6,6.9,52,3.5,南南西,,,--,--,雨,,Mazda Zoom-Zoom Stadium Hiroshima,Hiroshima,Outdoor
2025-03-10 22,1019.9,1026.5,0.5,9.9,1.8,7.0,57,3.3,南南西,,,--,--,雨,,Mazda Zoom-Zoom Stadium Hiroshima,Hiroshima,Outdoor
2025-03-10 23,1019.9,1026.6,0.5,9.0,2.6,7.3,64,1.9,南南西,,,--,--,雨,,Mazda Zoom-Zoom Stadium Hiroshima,Hiroshima,Outdoor
2025-03-10 24,1019.5,1026.2,1.0,8.2,4.2,8.3,76,0.6,北北東,,,--,--,雨,,Mazda Zoom-Zoom Stadium Hiroshima,Hiroshima,Outdoor
2025-03-11 1,1019.0,1025.7,0.5,8.2,5.2,8.8,81,2.3,北,,,--,--,雨,,Mazda Zoom-Zoom Stadium Hiroshima,Hiroshima,Outdoor
2025-03-11 2,1017.9,1024.6,0.5,8.1,5.4,9.0,83,3.2,北,,,--,--,雨,,Mazda Zoom-Zoom Stadium Hiroshima,Hiroshima,Outdoor
2025-03-11 3,1017.3,1024.0,0.0,8.0,5.3,8.9,83,3.0,北北東,,,--,--,雨,,Mazda Zoom-Zoom Stadium Hiroshima,Hiroshima,Outdoor
2025-03-11 4,1016.7,1023.4,0.5,8.1,5.4,9.0,83,2.6,北北東,,,--,--,雨,,Mazda Zoom-Zoom Stadium Hiroshima,Hiroshima,Outdoor
2025-03-11 5,1016.8,1023.5,0.0,8.0,5.3,8.9,83,3.4,北北東,,,--,--,雨,,Mazda Zoom-Zoom Stadium Hiroshima,Hiroshima,Outdoor
2025-03-11 6,1017.1,1023.8,0.0,8.2,5.5,9.0,83,2.4,北北東,,0.00,--,--,雨,,Mazda Zoom-Zoom Stadium Hiroshima,Hiroshima,Outdoor
2025-03-11 7,1017.0,1023.7,0.0,8.2,5.3,8.9,82,3.4,北北東,0.0,0.01,--,--,雨,,Mazda Zoom-Zoom Stadium Hiroshima,Hiroshima,Outdoor
2025-03-11 8,1017.0,1023.7,0.0,8.4,5.5,9.0,82,3.4,北北東,0.0,0.12,--,--,曇,,Mazda Zoom-Zoom Stadium Hiroshima,Hiroshima,Outdoor
2025-03-11 9,1017.0,1023.6,--,9.1,5.8,9.2,80,3.4,北,0.0,0.28,--,--,曇,,Mazda Zoom-Zoom Stadium Hiroshima,Hiroshima,Outdoor
2025-03-11 10,1016.9,1023.5,--,9.7,5.9,9.3,77,1.8,北,0.0,0.47,--,--,曇,,Mazda Zoom-Zoom Stadium Hiroshima,Hiroshima,Outdoor
2025-03-11 11,1016.1,1022.7,--,10.8,5.8,9.2,71,2.5,北北西,0.0,0.87,--,--,曇,,Mazda Zoom-Zoom Stadium Hiroshima,Hiroshima,Outdoor
2025-03-11 12,1015.5,1022.1,--,11.6,5.5,9.0,66,1.6,北北東,0.0,0.90,--,--,曇,,Mazda Zoom-Zoom Stadium Hiroshima,Hiroshima,Outdoor
2025-03-11 13,1014.5,1021.0,--,12.1,5.1,8.8,62,2.2,北北東,0.0,1.04,--,--,曇,,Mazda Zoom-Zoom Stadium Hiroshima,Hiroshima,Outdoor
2025-03-11 14,1013.9,1020.4,--,12.8,5.7,9.2,62,3.4,北,0.0,1.09,--,--,曇,,Mazda Zoom-Zoom Stadium Hiroshima,Hiroshima,Outdoor
2025-03-11 15,1013.5,1020.0,--,13.5,5.9,9.3,60,2.4,北,0.0,1.27,--,--,曇,,Mazda Zoom-Zoom Stadium Hiroshima,Hiroshima,Outdoor
2025-03-11 16,1013.0,1019.5,--,13.6,5.8,9.2,59,2.7,北北東,0.0,0.93,--,--,曇,,Mazda Zoom-Zoom Stadium Hiroshima,Hiroshima,Outdoor
2025-03-11 17,1012.7,1019.2,--,14.6,6.5,9.6,58,2.3,北,0.3,0.74,--,--,晴れ,,Mazda Zoom-Zoom Stadium Hiroshima,Hiroshima,Outdoor
2025-03-11 18,1012.9,1019.4,--,13.3,6.4,9.6,63,2.0,南西,0.6,0.33,--,--,晴れ,,Mazda Zoom-Zoom Stadium Hiroshima,Hiroshima,Outdoor
2025-03-11 19,1013.0,1019.5,--,12.2,6.3,9.5,67,2.2,南西,0.0,0.01,--,--,晴れ,,Mazda Zoom-Zoom Stadium Hiroshima,Hiroshima,Outdoor
2025-03-11 20,1013.6,1020.2,--,11.6,6.5,9.7,71,0.8,南西,,,--,--,曇,,Mazda Zoom-Zoom Stadium Hiroshima,Hiroshima,Outdoor
2025-03-11 21,1013.3,1019.9,--,11.3,6.5,9.6,72,1.4,西,,,--,--,晴れ,,Mazda Zoom-Zoom Stadium Hiroshima,Hiroshima,Outdoor
2025-03-11 22,1013.8,1020.4,--,11.3,6.9,9.9,74,1.6,北,,,--,--,曇,,Mazda Zoom-Zoom Stadium Hiroshima,Hiroshima,Outdoor
2025-03-11 23,1014.2,1020.8,--,11.5,6.8,9.9,73,2.2,北,,,--,--,曇,,Mazda Zoom-Zoom Stadium Hiroshima,Hiroshima,Outdoor
2025-03-11 24,1013.7,1020.3,--,11.6,6.5,9.7,71,2.5,北北東,,,--,--,曇,,Mazda Zoom-Zoom Stadium Hiroshima,Hiroshima,Outdoor
2025-03-12 1,1013.4,1020.0,--,11.3,6.9,9.9,74,1.6,北,,,--,--,晴れ,,Mazda Zoom-Zoom Stadium Hiroshima,Hiroshima,Outdoor
2025-03-12 2,1012.7,1019.3,--,11.1,6.9,9.9,75,1.9,北,,,--,--,晴れ,,Mazda Zoom-Zoom Stadium Hiroshima,Hiroshima,Outdoor
2025-03-12 3,1011.9,1018.5,--,10.9,6.7,9.8,75,1.2,北北東,,,--,--,晴れ,,Mazda Zoom-Zoom Stadium Hiroshima,Hiroshima,Outdoor
2025-03-12 4,1011.2,1017.8,--,9.8,6.7,9.8,81,1.2,北,,,--,--,晴れ,,Mazda Zoom-Zoom Stadium Hiroshima,Hiroshima,Outdoor
2025-03-12 5,1010.8,1017.4,--,10.2,6.9,10.0,80,0.7,北東,,,--,--,曇,,Mazda Zoom-Zoom Stadium Hiroshima,Hiroshima,Outdoor
2025-03-12 6,1010.6,1017.2,--,10.2,6.6,9.7,78,1.9,北北東,,0.00,--,--,曇,,Mazda Zoom-Zoom Stadium Hiroshima,Hiroshima,Outdoor
2025-03-12 7,1011.1,1017.7,--,10.3,6.6,9.8,78,1.2,北,0.0,0.01,--,--,曇,,Mazda Zoom-Zoom Stadium Hiroshima,Hiroshima,Outdoor
2025-03-12 8,1012.2,1018.8,--,11.0,6.9,10.0,76,2.4,北,0.0,0.14,--,--,曇,,Mazda Zoom-Zoom Stadium Hiroshima,Hiroshima,Outdoor
2025-03-12 9,1012.3,1018.8,--,11.5,6.6,9.8,72,1.3,北北東,0.0,0.30,--,--,曇,,Mazda Zoom-Zoom Stadium Hiroshima,Hiroshima,Outdoor
2025-03-12 10,1012.4,1018.9,--,12.7,7.0,10.0,68,1.5,北,0.0,0.92,--,--,曇,,Mazda Zoom-Zoom Stadium Hiroshima,Hiroshima,Outdoor
2025-03-12 11,1011.7,1018.2,--,13.9,7.0,10.0,63,1.4,南東,0.3,1.80,--,--,曇,,Mazda Zoom-Zoom Stadium Hiroshima,Hiroshima,Outdoor
2025-03-12 12,1010.5,1016.9,--,16.5,7.7,10.5,56,2.3,南南東,1.0,2.82,--,--,晴れ,,Mazda Zoom-Zoom Stadium Hiroshima,Hiroshima,Outdoor
2025-03-12 13,1009.8,1016.2,--,16.8,7.7,10.5,55,3.4,南南西,0.6,2.58,--,--,曇,,Mazda Zoom-Zoom Stadium Hiroshima,Hiroshima,Outdoor
2025-03-12 14,1009.2,1015.6,--,15.7,8.0,10.7,60,2.6,南南西,0.1,1.57,--,--,曇,,Mazda Zoom-Zoom Stadium Hiroshima,Hiroshima,Outdoor
2025-03-12 15,1008.6,1015.0,--,16.1,7.6,10.4,57,1.7,南,0.5,1.66,--,--,曇,,Mazda Zoom-Zoom Stadium Hiroshima,Hiroshima,Outdoor
2025-03-12 16,1008.6,1015.0,--,15.1,7.7,10.5,61,2.5,南西,0.2,0.80,--,--,曇,,Mazda Zoom-Zoom Stadium Hiroshima,Hiroshima,Outdoor
2025-03-12 17,1008.3,1014.7,--,15.9,7.9,10.7,59,2.6,南西,0.0,0.62,--,--,曇,,Mazda Zoom-Zoom Stadium Hiroshima,Hiroshima,Outdoor
2025-03-12 18,1008.5,1014.9,--,15.2,8.0,10.7,62,3.9,南西,0.0,0.16,--,--,曇,,Mazda Zoom-Zoom Stadium Hiroshima,Hiroshima,Outdoor
2025-03-12 19,1008.7,1015.2,--,14.4,8.1,10.8,66,2.8,南南西,0.0,0.00,--,--,曇,,Mazda Zoom-Zoom Stadium Hiroshima,Hiroshima,Outdoor
2025-03-12 20,1009.0,1015.5,--,13.7,8.3,11.0,70,0.6,西,,,--,--,曇,,Mazda Zoom-Zoom Stadium Hiroshima,Hiroshima,Outdoor
2025-03-12 21,1009.0,1015.5,--,13.4,8.5,11.1,72,0.2,静穏,,,--,--,曇,,Mazda Zoom-Zoom Stadium Hiroshima,Hiroshima,Outdoor
2025-03-12 22,1009.6,1016.1,--,12.9,8.4,11.0,74,0.9,西南西,,,--,--,曇,,Mazda Zoom-Zoom Stadium Hiroshima,Hiroshima,Outdoor
2025-03-12 23,1009.6,1016.1,--,12.6,8.3,10.9,75,1.7,北北西,,,--,--,晴れ,,Mazda Zoom-Zoom Stadium Hiroshima,Hiroshima,Outdoor
2025-03-12 24,1009.7,1016.2,--,12.2,8.3,10.9,77,1.8,北,,,--,--,曇,,Mazda Zoom-Zoom Stadium Hiroshima,Hiroshima,Outdoor
2025-03-13 1,1010.2,1016.7,--,11.8,8.1,10.8,78,2.0,北北東,,,--,--,曇,,Mazda Zoom-Zoom Stadium Hiroshima,Hiroshima,Outdoor
2025-03-13 2,1010.3,1016.8,--,11.4,8.1,10.8,80,2.5,北北東,,,--,--,曇,,Mazda Zoom-Zoom Stadium Hiroshima,Hiroshima,Outdoor
2025-03-13 3,1010.7,1017.3,--,10.8,7.9,10.6,82,3.7,北北東,,,--,--,晴れ,,Mazda Zoom-Zoom Stadium Hiroshima,Hiroshima,Outdoor
2025-03-13 4,1011.1,1017.7,--,10.9,7.6,10.4,80,5.4,北北東,,,--,--,曇,,Mazda Zoom-Zoom Stadium Hiroshima,Hiroshima,Outdoor
2025-03-13 5,1011.3,1017.9,--,10.1,7.2,10.1,82,3.1,北,,,--,--,曇,,Mazda Zoom-Zoom Stadium Hiroshima,Hiroshima,Outdoor
2025-03-13 6,1011.7,1018.3,--,9.7,6.6,9.7,81,1.0,北東,,0.00,--,--,曇,,Mazda Zoom-Zoom Stadium Hiroshima,Hiroshima,Outdoor
2025-03-13 7,1012.6,1019.2,--,9.7,6.3,9.5,79,2.2,北東,0.0,0.05,--,--,曇,,Mazda Zoom-Zoom Stadium Hiroshima,Hiroshima,Outdoor
2025-03-13 8,1013.0,1019.6,--,11.0,5.8,9.2,70,3.5,北北東,0.2,0.42,--,--,曇,,Mazda Zoom-Zoom Stadium Hiroshima,Hiroshima,Outdoor
2025-03-13 9,1013.6,1020.1,--,12.8,5.7,9.2,62,4.0,北北東,0.3,0.87,--,--,曇,,Mazda Zoom-Zoom Stadium Hiroshima,Hiroshima,Outdoor
2025-03-13 10,1013.9,1020.4,--,13.8,3.3,7.7,49,4.0,北東,0.3,1.19,--,--,曇,,Mazda Zoom-Zoom Stadium Hiroshima,Hiroshima,Outdoor
2025-03-13 11,1013.3,1019.8,--,14.8,1.0,6.6,39,4.2,北東,0.9,2.39,--,--,晴れ,,Mazda Zoom-Zoom Stadium Hiroshima,Hiroshima,Outdoor
2025-03-13 12,1012.6,1019.0,--,15.8,-0.8,5.7,32,4.7,北北東,0.1,1.75,--,--,曇,,Mazda Zoom-Zoom Stadium Hiroshima,Hiroshima,Outdoor
2025-03-13 13,1012.5,1018.9,--,17.1,-1.5,5.5,28,4.9,北北東,0.3,2.18,--,--,曇,,Mazda Zoom-Zoom Stadium Hiroshima,Hiroshima,Outdoor
2025-03-13 14,1012.5,1018.9,--,16.3,-2.2,5.2,28,5.6,北北東,0.0,1.07,--,--,曇,,Mazda Zoom-Zoom Stadium Hiroshima,Hiroshima,Outdoor
2025-03-13 15,1012.5,1018.9,--,15.8,-2.7,5.0,28,5.6,北北東,0.0,0.71,--,--,曇,,Mazda Zoom-Zoom Stadium Hiroshima,Hiroshima,Outdoor
2025-03-13 16,1012.8,1019.3,--,15.0,-2.4,5.1,30,6.9,北東,0.0,0.57,--,--,曇,,Mazda Zoom-Zoom Stadium Hiroshima,Hiroshima,Outdoor
2025-03-13 17,1013.2,1019.7,--,14.6,-1.5,5.5,33,6.2,北北東,0.0,0.38,--,--,曇,,Mazda Zoom-Zoom Stadium Hiroshima,Hiroshima,Outdoor
2025-03-13 18,1013.7,1020.2,--,13.5,-2.9,5.0,32,6.8,北北東,0.4,0.31,--,--,晴れ,,Mazda Zoom-Zoom Stadium Hiroshima,Hiroshima,Outdoor
2025-03-13 19,1014.3,1020.8,--,12.4,-7.6,3.5,24,5.9,北北東,0.0,0.01,--,--,晴れ,,Mazda Zoom-Zoom Stadium Hiroshima,Hiroshima,Outdoor
2025-03-13 20,1015.6,1022.2,--,11.5,-5.5,4.1,30,2.7,北北東,,,--,--,晴れ,,Mazda Zoom-Zoom Stadium Hiroshima,Hiroshima,Outdoor
2025-03-13 21,1015.8,1022.4,--,10.4,-3.3,4.8,38,4.9,北北東,,,--,--,晴れ,,Mazda Zoom-Zoom Stadium Hiroshima,Hiroshima,Outdoor
2025-03-13 22,1016.3,1022.9,--,9.6,-2.4,5.1,43,4.4,北北東,,,--,--,晴れ,,Mazda Zoom-Zoom Stadium Hiroshima,Hiroshima,Outdoor
2025-03-13 23,1016.8,1023.4,--,8.8,-2.2,5.2,46,5.2,北北東,,,--,--,晴れ,,Mazda Zoom-Zoom Stadium Hiroshima,Hiroshima,Outdoor
2025-03-13 24,1017.0,1023.7,--,8.4,-2.8,5.0,45,5.7,北北東,,,--,--,晴れ,,Mazda Zoom-Zoom Stadium Hiroshima,Hiroshima,Outdoor
2025-03-14 1,1017.1,1023.8,--,8.0,-3.2,4.8,45,5.8,北北東,,,--,--,曇,,Mazda Zoom-Zoom Stadium Hiroshima,Hiroshima,Outdoor
2025-03-14 2,1016.5,1023.2,--,7.0,-3.0,4.9,49,7.1,北北東,,,--,--,曇,,Mazda Zoom-Zoom Stadium Hiroshima,Hiroshima,Outdoor
2025-03-14 3,1016.2,1022.9,--,6.8,-4.0,4.5,46,6.2,北北東,,,--,--,曇,,Mazda Zoom-Zoom Stadium Hiroshima,Hiroshima,Outdoor
2025-03-14 4,1016.6,1023.3,--,6.1,-3.8,4.6,49,6.6,北北東,,,--,--,晴れ,,Mazda Zoom-Zoom Stadium Hiroshima,Hiroshima,Outdoor
2025-03-14 5,1017.3,1024.0,--,5.4,-3.1,4.8,54,6.9,北北東,,,--,--,晴れ,,Mazda Zoom-Zoom Stadium Hiroshima,Hiroshima,Outdoor
2025-03-14 6,1017.6,1024.3,--,5.5,-3.3,4.8,53,6.9,北,,0.00,--,--,曇,,Mazda Zoom-Zoom Stadium Hiroshima,Hiroshima,Outdoor
2025-03-14 7,1018.3,1025.0,--,5.5,-3.1,4.9,54,8.0,北北東,0.0,0.05,--,--,曇,,Mazda Zoom-Zoom Stadium Hiroshima,Hiroshima,Outdoor
2025-03-14 8,1019.1,1025.8,--,6.9,-5.1,4.2,42,4.5,北,0.3,0.45,--,--,曇,,Mazda Zoom-Zoom Stadium Hiroshima,Hiroshima,Outdoor
2025-03-14 9,1019.8,1026.5,--,8.1,-5.0,4.2,39,7.0,北,0.0,0.70,--,--,曇,,Mazda Zoom-Zoom Stadium Hiroshima,Hiroshima,Outdoor
2025-03-14 10,1019.9,1026.5,--,9.9,-3.7,4.6,38,3.9,北,0.1,1.10,--,--,曇,,Mazda Zoom-Zoom Stadium Hiroshima,Hiroshima,Outdoor
2025-03-14 11,1019.7,1026.3,--,12.3,-5.2,4.1,29,2.8,北,0.3,1.41,--,--,曇,,Mazda Zoom-Zoom Stadium Hiroshima,Hiroshima,Outdoor
2025-03-14 12,1019.0,1025.5,--,15.1,-13.1,2.2,13,0.5,東南東,0.9,2.32,--,--,晴れ,,Mazda Zoom-Zoom Stadium Hiroshima,Hiroshima,Outdoor
2025-03-14 13,1017.6,1024.0,--,17.8,-11.0,2.6,13,1.2,南西,1.0,3.07,--,--,晴れ,,Mazda Zoom-Zoom Stadium Hiroshima,Hiroshima,Outdoor
2025-03-14 14,1016.9,1023.3,--,18.8,-6.7,3.7,17,3.3,南,1.0,2.90,--,--,晴れ,,Mazda Zoom-Zoom Stadium Hiroshima,Hiroshima,Outdoor
2025-03-14 15,1016.3,1022.7,--,18.1,-7.3,3.5,17,4.8,南西,1.0,2.50,--,--,晴れ,,Mazda Zoom-Zoom Stadium Hiroshima,Hiroshima,Outdoor
2025-03-14 16,1015.9,1022.3,--,17.8,-7.6,3.5,17,2.0,南西,1.0,1.89,--,--,晴れ,,Mazda Zoom-Zoom Stadium Hiroshima,Hiroshima,Outdoor
2025-03-14 17,1016.4,1022.8,--,16.5,-7.9,3.4,18,2.9,南西,1.0,1.15,--,--,晴れ,,Mazda Zoom-Zoom Stadium Hiroshima,Hiroshima,Outdoor
2025-03-14 18,1017.1,1023.6,--,16.0,-8.3,3.3,18,1.0,西北西,0.8,0.34,--,--,晴れ,,Mazda Zoom-Zoom Stadium Hiroshima,Hiroshima,Outdoor
2025-03-14 19,1017.9,1024.4,--,15.2,-5.2,4.1,24,1.7,北,0.0,0.01,--,--,晴れ,,Mazda Zoom-Zoom Stadium Hiroshima,Hiroshima,Outdoor
2025-03-14 20,1018.4,1024.9,--,14.5,-4.8,4.3,26,4.8,北北東,,,--,--,晴れ,,Mazda Zoom-Zoom Stadium Hiroshima,Hiroshima,Outdoor
2025-03-14 21,1019.0,1025.5,--,14.6,-7.5,3.5,21,3.5,北東,,,--,--,曇,,Mazda Zoom-Zoom Stadium Hiroshima,Hiroshima,Outdoor
2025-03-14 22,1019.2,1025.7,--,13.9,-6.9,3.7,23,5.9,北北東,,,--,--,曇,,Mazda Zoom-Zoom Stadium Hiroshima,Hiroshima,Outdoor
2025-03-14 23,1018.6,1025.1,--,13.2,-6.9,3.6,24,4.2,北北東,,,--,--,曇,,Mazda Zoom-Zoom Stadium Hiroshima,Hiroshima,Outdoor
2025-03-14 24,1018.2,1024.8,--,12.5,-7.0,3.6,25,5.4,北北東,,,--,--,曇,,Mazda Zoom-Zoom Stadium Hiroshima,Hiroshima,Outdoor
2025-03-15 1,1018.2,1024.8,--,12.5,-7.0,3.6,25,5.2,北北東,,,--,--,曇,,Mazda Zoom-Zoom Stadium Hiroshima,Hiroshima,Outdoor
2025-03-15 2,1017.2,1023.8,--,12.1,-5.4,4.1,29,4.9,北北東,,,--,--,曇,,Mazda Zoom-Zoom Stadium Hiroshima,Hiroshima,Outdoor
2025-03-15 3,1016.6,1023.2,--,11.6,-5.4,4.1,30,3.7,北北東,,,--,--,曇,,Mazda Zoom-Zoom Stadium Hiroshima,Hiroshima,Outdoor
2025-03-15 4,1016.3,1022.9,--,10.9,-7.4,3.5,27,6.0,北東,,,--,--,曇,,Mazda Zoom-Zoom Stadium Hiroshima,Hiroshima,Outdoor
2025-03-15 5,1017.4,1024.0,--,10.4,-7.3,3.5,28,5.8,北東,,,--,--,曇,,Mazda Zoom-Zoom Stadium Hiroshima,Hiroshima,Outdoor
2025-03-15 6,1018.1,1024.7,--,9.9,-5.6,4.0,33,4.6,北東,,0.00,--,--,曇,,Mazda Zoom-Zoom Stadium Hiroshima,Hiroshima,Outdoor
2025-03-15 7,1019.5,1026.1,--,9.4,-4.2,4.5,38,5.4,北東,0.0,0.00,--,--,曇,,Mazda Zoom-Zoom Stadium Hiroshima,Hiroshima,Outdoor
2025-03-15 8,1018.6,1025.2,0.0,9.0,-2.0,5.3,46,3.8,北北東,0.0,0.03,--,--,雨,,Mazda Zoom-Zoom Stadium Hiroshima,Hiroshima,Outdoor
2025-03-15 9,1019.3,1026.0,1.0,7.7,0.7,6.4,61,2.5,北北西,0.0,0.05,--,--,雨,,Mazda Zoom-Zoom Stadium Hiroshima,Hiroshima,Outdoor
2025-03-15 10,1018.8,1025.5,0.0,7.0,1.1,6.6,66,5.5,北北東,0.0,0.13,--,--,雨,,Mazda Zoom-Zoom Stadium Hiroshima,Hiroshima,Outdoor
2025-03-15 11,1017.9,1024.6,0.5,7.0,3.1,7.6,76,6.6,北北東,0.0,0.22,--,--,雨,,Mazda Zoom-Zoom Stadium Hiroshima,Hiroshima,Outdoor
2025-03-15 12,1017.7,1024.4,0.5,6.6,1.7,6.9,71,9.1,北北東,0.0,0.42,--,--,雨,,Mazda Zoom-Zoom Stadium Hiroshima,Hiroshima,Outdoor
2025-03-15 13,1016.3,1023.0,0.0,7.1,2.0,7.1,70,6.9,北北東,0.0,0.77,--,--,雨,,Mazda Zoom-Zoom Stadium Hiroshima,Hiroshima,Outdoor
2025-03-15 14,1015.0,1021.7,0.0,7.4,2.3,7.2,70,6.2,北北東,0.0,0.61,--,--,雨,,Mazda Zoom-Zoom Stadium Hiroshima,Hiroshima,Outdoor
2025-03-15 15,1013.6,1020.2,0.0,8.1,3.4,7.8,72,4.2,北北東,0.0,0.45,--,--,雨,,Mazda Zoom-Zoom Stadium Hiroshima,Hiroshima,Outdoor
2025-03-15 16,1012.6,1019.2,0.0,8.4,2.9,7.5,68,5.6,北東,0.0,0.21,--,--,雨,,Mazda Zoom-Zoom Stadium Hiroshima,Hiroshima,Outdoor
2025-03-15 17,1012.1,1018.7,0.5,8.2,3.1,7.6,70,5.2,北東,0.0,0.14,--,--,雨,,Mazda Zoom-Zoom Stadium Hiroshima,Hiroshima,Outdoor
2025-03-15 18,1012.2,1018.8,0.5,7.9,3.4,7.8,73,5.2,北東,0.0,0.04,--,--,雨,,Mazda Zoom-Zoom Stadium Hiroshima,Hiroshima,Outdoor
2025-03-15 19,1012.0,1018.6,0.5,7.8,4.6,8.5,80,2.5,北,0.0,0.00,--,--,雨,,Mazda Zoom-Zoom Stadium Hiroshima,Hiroshima,Outdoor
2025-03-15 20,1011.9,1018.5,0.5,7.6,4.7,8.6,82,2.8,北,,,--,--,雨,,Mazda Zoom-Zoom Stadium Hiroshima,Hiroshima,Outdoor
2025-03-15 21,1011.0,1017.6,0.5,7.3,4.8,8.6,84,3.9,北北東,,,--,--,雨,,Mazda Zoom-Zoom Stadium Hiroshima,Hiroshima,Outdoor
2025-03-15 22,1010.0,1016.6,0.5,7.5,4.5,8.4,81,3.6,北北東,,,--,--,雨,,Mazda Zoom-Zoom Stadium Hiroshima,Hiroshima,Outdoor
2025-03-15 23,1008.7,1015.3,1.0,7.2,4.9,8.6,85,3.7,北北東,,,--,--,雨,,Mazda Zoom-Zoom Stadium Hiroshima,Hiroshima,Outdoor
2025-03-15 24,1007.3,1013.9,1.0,7.2,4.9,8.6,85,2.9,北北東,,,--,--,雨,,Mazda Zoom-Zoom Stadium Hiroshima,Hiroshima,Outdoor
2025-03-16 1,1006.9,1013.5,1.0,7.1,4.9,8.7,86,2.3,北,,,--,--,雨,,Mazda Zoom-Zoom Stadium Hiroshima,Hiroshima,Outdoor
2025-03-16 2,1005.6,1012.2,3.5,7.0,4.8,8.6,86,3.2,北北東,,,--,--,雨,,Mazda Zoom-Zoom Stadium Hiroshima,Hiroshima,Outdoor
2025-03-16 3,1005.1,1011.7,2.5,7.2,4.9,8.6,85,3.5,北北東,,,--,--,雨,,Mazda Zoom-Zoom Stadium Hiroshima,Hiroshima,Outdoor
2025-03-16 4,1004.3,1010.9,2.0,7.2,4.7,8.5,84,3.3,北北東,,,--,--,雨,,Mazda Zoom-Zoom Stadium Hiroshima,Hiroshima,Outdoor
2025-03-16 5,1003.2,1009.8,1.0,7.1,4.8,8.6,85,3.0,北北東,,,--,--,雨,,Mazda Zoom-Zoom Stadium Hiroshima,Hiroshima,Outdoor
2025-03-16 6,1002.4,1009.0,1.0,7.1,4.9,8.7,86,2.5,北北東,,0.00,--,--,雨,,Mazda Zoom-Zoom Stadium Hiroshima,Hiroshima,Outdoor
2025-03-16 7,1002.1,1008.7,1.0,7.2,5.0,8.7,86,2.7,北北東,0.0,0.02,--,--,雨,,Mazda Zoom-Zoom Stadium Hiroshima,Hiroshima,Outdoor
2025-03-16 8,1001.6,1008.2,1.0,7.7,5.5,9.0,86,1.6,北,0.0,0.16,--,--,雨,,Mazda Zoom-Zoom Stadium Hiroshima,Hiroshima,Outdoor
2025-03-16 9,1001.8,1008.4,0.5,7.8,5.8,9.2,87,0.6,北北東,0.0,0.27,--,--,雨,,Mazda Zoom-Zoom Stadium Hiroshima,Hiroshima,Outdoor
2025-03-16 10,1001.2,1007.8,1.5,8.2,6.0,9.4,86,1.0,北北西,0.0,0.45,--,--,雨,,Mazda Zoom-Zoom Stadium Hiroshima,Hiroshima,Outdoor
2025-03-16 11,1001.0,1007.5,1.0,8.5,6.1,9.4,85,0.6,東,0.0,0.56,--,--,雨,,Mazda Zoom-Zoom Stadium Hiroshima,Hiroshima,Outdoor
2025-03-16 12,1000.5,1007.0,0.0,9.3,6.6,9.7,83,1.3,西南西,0.0,0.83,--,--,雨,,Mazda Zoom-Zoom Stadium Hiroshima,Hiroshima,Outdoor
2025-03-16 13,1000.1,1006.6,0.0,9.5,6.6,9.7,82,2.1,西,0.0,0.69,--,--,曇,,Mazda Zoom-Zoom Stadium Hiroshima,Hiroshima,Outdoor
2025-03-16 14,999.5,1006.0,--,11.3,3.1,7.6,57,4.4,北,0.0,1.61,--,--,曇,,Mazda Zoom-Zoom Stadium Hiroshima,Hiroshima,Outdoor
2025-03-16 15,999.4,1005.9,0.0,11.3,2.1,7.1,53,5.1,北北西,0.0,1.19,--,--,雨,,Mazda Zoom-Zoom Stadium Hiroshima,Hiroshima,Outdoor
2025-03-16 16,999.1,1005.6,0.0,11.8,2.0,7.1,51,3.0,北北西,0.5,1.34,--,--,雨,,Mazda Zoom-Zoom Stadium Hiroshima,Hiroshima,Outdoor
2025-03-16 17,999.4,1005.9,0.0,11.0,1.8,7.0,53,4.9,北北西,0.1,0.44,--,--,晴れ,,Mazda Zoom-Zoom Stadium Hiroshima,Hiroshima,Outdoor
2025-03-16 18,999.6,1006.1,--,10.3,0.6,6.4,51,6.6,北北西,0.4,0.24,--,--,晴れ,,Mazda Zoom-Zoom Stadium Hiroshima,Hiroshima,Outdoor
2025-03-16 19,999.3,1005.8,--,9.3,1.5,6.8,58,4.6,北,0.0,0.01,--,--,晴れ,,Mazda Zoom-Zoom Stadium Hiroshima,Hiroshima,Outdoor
2025-03-16 20,999.2,1005.7,--,8.6,2.0,7.0,63,1.9,北,,,--,--,晴れ,,Mazda Zoom-Zoom Stadium Hiroshima,Hiroshima,Outdoor
2025-03-16 21,999.3,1005.8,--,9.1,1.3,6.7,58,2.8,南南西,,,--,--,曇,,Mazda Zoom-Zoom Stadium Hiroshima,Hiroshima,Outdoor
2025-03-16 22,1000.1,1006.7,0.5,7.6,3.1,7.6,73,5.5,西,,,--,--,雨,,Mazda Zoom-Zoom Stadium Hiroshima,Hiroshima,Outdoor
2025-03-16 23,1001.1,1007.7,0.0,6.7,0.4,6.3,64,3.3,北北西,,,--,--,雨,,Mazda Zoom-Zoom Stadium Hiroshima,Hiroshima,Outdoor
2025-03-16 24,1001.4,1008.0,0.0,6.2,0.1,6.2,65,2.7,北北西,,,--,--,晴れ,,Mazda Zoom-Zoom Stadium Hiroshima,Hiroshima,Outdoor
2025-03-17 1,1001.6,1008.2,0.0,6.1,-0.6,5.8,62,3.2,南西,,,--,--,曇,,Mazda Zoom-Zoom Stadium Hiroshima,Hiroshima,Outdoor
2025-03-17 2,1002.3,1009.0,0.5,3.3,-0.5,5.9,76,3.1,西,,,--,--,みぞれ,,Mazda Zoom-Zoom Stadium Hiroshima,Hiroshima,Outdoor
2025-03-17 3,1002.2,1008.9,5.0,1.7,-0.5,5.9,85,4.4,北,,,--,--,みぞれ,,Mazda Zoom-Zoom Stadium Hiroshima,Hiroshima,Outdoor
2025-03-17 4,1002.6,1009.3,1.5,2.3,-0.1,6.1,84,2.0,東北東,,,--,--,みぞれ,,Mazda Zoom-Zoom Stadium Hiroshima,Hiroshima,Outdoor
2025-03-17 5,1003.0,1009.7,0.0,2.8,-1.0,5.7,76,2.3,西南西,,,--,--,みぞれ,,Mazda Zoom-Zoom Stadium Hiroshima,Hiroshima,Outdoor
2025-03-17 6,1004.1,1010.8,0.0,2.8,-1.9,5.3,71,3.1,西,,0.00,--,--,雪,,Mazda Zoom-Zoom Stadium Hiroshima,Hiroshima,Outdoor
2025-03-17 7,1004.7,1011.4,0.0,2.7,-3.0,4.9,66,2.2,南西,0.2,0.08,--,--,晴れ,,Mazda Zoom-Zoom Stadium Hiroshima,Hiroshima,Outdoor
2025-03-17 8,1005.9,1012.6,--,3.8,-3.5,4.7,59,2.3,西南西,0.5,0.46,--,--,晴れ,,Mazda Zoom-Zoom Stadium Hiroshima,Hiroshima,Outdoor
2025-03-17 9,1006.9,1013.6,0.0,3.8,-3.0,4.9,61,3.0,南南西,0.3,0.88,--,--,雪,,Mazda Zoom-Zoom Stadium Hiroshima,Hiroshima,Outdoor
2025-03-17 10,1007.9,1014.6,0.0,4.8,-2.7,5.0,58,1.8,南南東,0.2,0.87,--,--,みぞれ,,Mazda Zoom-Zoom Stadium Hiroshima,Hiroshima,Outdoor
2025-03-17 11,1008.0,1014.7,0.0,5.6,-3.2,4.8,53,2.8,南西,0.2,1.27,--,--,晴れ,,Mazda Zoom-Zoom Stadium Hiroshima,Hiroshima,Outdoor
2025-03-17 12,1007.5,1014.1,0.0,8.4,-1.4,5.5,50,2.2,南西,0.8,2.84,--,--,晴れ,,Mazda Zoom-Zoom Stadium Hiroshima,Hiroshima,Outdoor
2025-03-17 13,1007.1,1013.7,0.0,8.9,-2.1,5.2,46,1.1,西北西,0.5,2.26,--,--,晴れ,,Mazda Zoom-Zoom Stadium Hiroshima,Hiroshima,Outdoor
2025-03-17 14,1006.3,1012.9,--,9.6,-3.0,4.9,41,3.2,西南西,0.3,1.73,--,--,晴れ,,Mazda Zoom-Zoom Stadium Hiroshima,Hiroshima,Outdoor
2025-03-17 15,1006.6,1013.1,--,10.2,-1.8,5.4,43,1.2,東南東,0.4,1.84,--,--,曇,,Mazda Zoom-Zoom Stadium Hiroshima,Hiroshima,Outdoor
2025-03-17 16,1006.7,1013.3,0.0,9.7,-2.0,5.3,44,2.0,北,0.0,0.58,--,--,雨,,Mazda Zoom-Zoom Stadium Hiroshima,Hiroshima,Outdoor
2025-03-17 17,1007.1,1013.7,0.0,9.4,-1.6,5.4,46,4.9,北,0.0,0.28,--,--,曇,,Mazda Zoom-Zoom Stadium Hiroshima,Hiroshima,Outdoor
2025-03-17 18,1008.0,1014.6,0.0,8.0,-1.5,5.5,51,5.1,北,0.2,0.23,--,--,雨,,Mazda Zoom-Zoom Stadium Hiroshima,Hiroshima,Outdoor
2025-03-17 19,1008.7,1015.3,0.0,7.3,-1.9,5.3,52,5.1,北,0.0,0.01,--,--,晴れ,,Mazda Zoom-Zoom Stadium Hiroshima,Hiroshima,Outdoor
2025-03-17 20,1009.8,1016.5,--,6.4,-1.5,5.5,57,4.4,北,,,--,--,晴れ,,Mazda Zoom-Zoom Stadium Hiroshima,Hiroshima,Outdoor
2025-03-17 21,1010.8,1017.5,--,6.0,-1.4,5.5,59,4.0,北北東,,,--,--,晴れ,,Mazda Zoom-Zoom Stadium Hiroshima,Hiroshima,Outdoor
2025-03-17 22,1011.0,1017.7,--,6.0,-1.4,5.5,59,3.1,北北東,,,--,--,曇,,Mazda Zoom-Zoom Stadium Hiroshima,Hiroshima,Outdoor
2025-03-17 23,1010.9,1017.6,--,5.7,-1.2,5.6,61,1.8,北,,,--,--,晴れ,,Mazda Zoom-Zoom Stadium Hiroshima,Hiroshima,Outdoor
2025-03-17 24,1011.1,1017.8,--,5.7,-0.8,5.8,63,1.4,北北西,,,--,--,曇,,Mazda Zoom-Zoom Stadium Hiroshima,Hiroshima,Outdoor
2025-03-18 1,1011.1,1017.8,--,5.7,-1.0,5.7,62,0.9,北東,,,--,--,曇,,Mazda Zoom-Zoom Stadium Hiroshima,Hiroshima,Outdoor
2025-03-18 2,1011.1,1017.8,0.0,5.5,-0.8,5.8,64,1.6,北北東,,,--,--,曇,,Mazda Zoom-Zoom Stadium Hiroshima,Hiroshima,Outdoor
2025-03-18 3,1010.9,1017.6,0.0,5.1,-0.5,5.9,67,1.5,北東,,,--,--,雨,,Mazda Zoom-Zoom Stadium Hiroshima,Hiroshima,Outdoor
2025-03-18 4,1010.5,1017.2,0.0,4.7,-0.3,6.0,70,2.3,北北東,,,--,--,晴れ,,Mazda Zoom-Zoom Stadium Hiroshima,Hiroshima,Outdoor
2025-03-18 5,1010.3,1017.0,--,4.1,-0.1,6.1,74,1.6,北北東,,,--,--,晴れ,,Mazda Zoom-Zoom Stadium Hiroshima,Hiroshima,Outdoor
2025-03-18 6,1010.0,1016.7,--,3.4,-0.2,6.0,77,2.2,北北東,,0.00,--,--,晴れ,,Mazda Zoom-Zoom Stadium Hiroshima,Hiroshima,Outdoor
2025-03-18 7,1010.3,1017.0,--,3.4,-0.2,6.0,77,2.2,北,0.0,0.05,--,--,晴れ,,Mazda Zoom-Zoom Stadium Hiroshima,Hiroshima,Outdoor
2025-03-18 8,1009.8,1016.5,0.0,4.0,0.0,6.1,75,1.5,北東,0.4,0.46,--,--,晴れ,,Mazda Zoom-Zoom Stadium Hiroshima,Hiroshima,Outdoor
2025-03-18 9,1009.5,1016.2,--,5.9,0.1,6.1,66,1.6,西,1.0,1.41,--,--,晴れ,,Mazda Zoom-Zoom Stadium Hiroshima,Hiroshima,Outdoor
2025-03-18 10,1008.8,1015.4,--,7.1,-0.3,6.0,59,2.8,南南西,0.7,1.78,--,--,曇,,Mazda Zoom-Zoom Stadium Hiroshima,Hiroshima,Outdoor
2025-03-18 11,1007.4,1014.0,--,8.9,-0.9,5.7,50,4.0,南,0.9,2.52,--,--,晴れ,,Mazda Zoom-Zoom Stadium Hiroshima,Hiroshima,Outdoor
2025-03-18 12,1005.7,1012.3,--,8.9,-2.4,5.1,45,6.8,南南東,0.6,2.26,--,--,曇,,Mazda Zoom-Zoom Stadium Hiroshima,Hiroshima,Outdoor
2025-03-18 13,1005.6,1012.2,0.0,7.1,-0.6,5.9,58,7.0,南南西,0.0,0.49,--,--,雨,,Mazda Zoom-Zoom Stadium Hiroshima,Hiroshima,Outdoor
2025-03-18 14,1005.9,1012.6,0.5,5.0,0.6,6.4,73,7.2,南西,0.0,0.35,--,--,雨,,Mazda Zoom-Zoom Stadium Hiroshima,Hiroshima,Outdoor
2025-03-18 15,1005.5,1012.2,0.0,5.5,0.9,6.5,72,4.5,南,0.0,0.56,--,--,曇,,Mazda Zoom-Zoom Stadium Hiroshima,Hiroshima,Outdoor
2025-03-18 16,1005.6,1012.3,0.5,5.5,0.9,6.5,72,4.4,西南西,0.0,0.50,--,--,雨,,Mazda Zoom-Zoom Stadium Hiroshima,Hiroshima,Outdoor
2025-03-18 17,1005.5,1012.1,0.0,6.1,-1.5,5.5,58,5.2,南,0.6,1.05,--,--,晴れ,,Mazda Zoom-Zoom Stadium Hiroshima,Hiroshima,Outdoor
2025-03-18 18,1005.8,1012.4,--,5.7,-5.9,3.9,43,5.1,西南西,0.6,0.38,--,--,晴れ,,Mazda Zoom-Zoom Stadium Hiroshima,Hiroshima,Outdoor
2025-03-18 19,1005.8,1012.5,--,4.9,-5.7,4.0,46,4.8,西南西,0.0,0.01,--,--,晴れ,,Mazda Zoom-Zoom Stadium Hiroshima,Hiroshima,Outdoor
2025-03-18 20,1006.6,1013.3,0.0,4.4,-5.4,4.1,49,5.0,西,,,--,--,雪,,Mazda Zoom-Zoom Stadium Hiroshima,Hiroshima,Outdoor
2025-03-18 21,1006.4,1013.1,0.0,3.7,-3.3,4.8,60,1.7,南南東,,,--,--,晴れ,,Mazda Zoom-Zoom Stadium Hiroshima,Hiroshima,Outdoor
2025-03-18 22,1007.2,1013.9,0.0,3.6,-2.4,5.1,65,2.8,西南西,,,--,--,雪,,Mazda Zoom-Zoom Stadium Hiroshima,Hiroshima,Outdoor
2025-03-18 23,1006.5,1013.2,0.0,2.6,-0.7,5.8,79,2.4,南南西,,,--,--,みぞれ,,Mazda Zoom-Zoom Stadium Hiroshima,Hiroshima,Outdoor
2025-03-18 24,1006.4,1013.1,0.5,3.0,-0.4,5.9,78,2.1,南,,,--,--,みぞれ,,Mazda Zoom-Zoom Stadium Hiroshima,Hiroshima,Outdoor
2025-03-19 1,1007.8,1014.5,0.5,2.3,-0.3,6.0,83,4.2,北,,,--,--,みぞれ,,Mazda Zoom-Zoom Stadium Hiroshima,Hiroshima,Outdoor
2025-03-19 2,1008.7,1015.5,0.0,2.4,-0.5,5.9,81,2.3,北,,,--,--,晴れ,,Mazda Zoom-Zoom Stadium Hiroshima,Hiroshima,Outdoor
2025-03-19 3,1009.4,1016.2,0.5,2.2,-0.5,5.9,82,1.2,北,,,--,--,みぞれ,,Mazda Zoom-Zoom Stadium Hiroshima,Hiroshima,Outdoor
2025-03-19 4,1010.2,1017.0,0.5,2.6,0.0,6.1,83,1.6,北東,,,--,--,みぞれ,,Mazda Zoom-Zoom Stadium Hiroshima,Hiroshima,Outdoor
2025-03-19 5,1010.9,1017.7,0.5,2.9,-0.4,5.9,79,4.3,北北東,,,--,--,みぞれ,,Mazda Zoom-Zoom Stadium Hiroshima,Hiroshima,Outdoor
2025-03-19 6,1012.1,1018.9,0.0,2.6,-0.1,6.0,82,3.5,北,,0.00,--,--,みぞれ,,Mazda Zoom-Zoom Stadium Hiroshima,Hiroshima,Outdoor
2025-03-19 7,1013.4,1020.1,0.0,3.7,-0.7,5.8,73,4.6,北,0.0,0.07,--,--,みぞれ,,Mazda Zoom-Zoom Stadium Hiroshima,Hiroshima,Outdoor
2025-03-19 8,1014.5,1021.2,0.0,4.9,-2.9,4.9,57,3.7,北,0.8,0.68,--,--,晴れ,,Mazda Zoom-Zoom Stadium Hiroshima,Hiroshima,Outdoor
2025-03-19 9,1015.7,1022.4,0.0,5.1,-3.2,4.8,55,9.3,北北西,1.0,1.56,--,--,みぞれ,,Mazda Zoom-Zoom Stadium Hiroshima,Hiroshima,Outdoor
2025-03-19 10,1016.4,1023.1,0.0,5.9,-2.4,5.1,55,6.3,北北西,0.9,2.12,--,--,晴れ,,Mazda Zoom-Zoom Stadium Hiroshima,Hiroshima,Outdoor
2025-03-19 11,1016.5,1023.2,--,7.4,-3.2,4.8,47,7.7,北北西,0.9,2.62,--,--,晴れ,,Mazda Zoom-Zoom Stadium Hiroshima,Hiroshima,Outdoor
2025-03-19 12,1016.4,1023.0,--,8.6,-4.6,4.4,39,5.7,北,0.9,2.95,--,--,晴れ,,Mazda Zoom-Zoom Stadium Hiroshima,Hiroshima,Outdoor
2025-03-19 13,1015.9,1022.5,--,8.6,-4.9,4.2,38,5.4,北,0.6,2.39,--,--,晴れ,,Mazda Zoom-Zoom Stadium Hiroshima,Hiroshima,Outdoor
2025-03-19 14,1015.5,1022.1,--,8.8,-6.6,3.7,33,5.3,北北西,0.6,2.38,--,--,曇,,Mazda Zoom-Zoom Stadium Hiroshima,Hiroshima,Outdoor
2025-03-19 15,1015.3,1021.9,0.0,8.9,-6.9,3.6,32,3.9,北西,0.4,1.59,--,--,曇,,Mazda Zoom-Zoom Stadium Hiroshima,Hiroshima,Outdoor
2025-03-19 16,1015.3,1021.9,--,9.8,-6.5,3.8,31,4.1,北北西,0.7,1.52,--,--,曇,,Mazda Zoom-Zoom Stadium Hiroshima,Hiroshima,Outdoor
2025-03-19 17,1015.5,1022.1,--,9.1,-7.1,3.6,31,5.1,北,1.0,1.25,--,--,晴れ,,Mazda Zoom-Zoom Stadium Hiroshima,Hiroshima,Outdoor
2025-03-19 18,1016.0,1022.7,--,8.1,-7.2,3.6,33,3.7,北,0.9,0.45,--,--,晴れ,,Mazda Zoom-Zoom Stadium Hiroshima,Hiroshima,Outdoor
2025-03-19 19,1016.3,1023.0,--,7.4,-6.3,3.8,37,2.5,北,0.1,0.02,--,--,晴れ,,Mazda Zoom-Zoom Stadium Hiroshima,Hiroshima,Outdoor
2025-03-19 20,1017.0,1023.7,--,6.3,-5.3,4.1,43,3.6,北,,,--,--,晴れ,,Mazda Zoom-Zoom Stadium Hiroshima,Hiroshima,Outdoor
2025-03-19 21,1017.5,1024.2,--,5.4,-4.2,4.5,50,2.4,北,,,--,--,晴れ,,Mazda Zoom-Zoom Stadium Hiroshima,Hiroshima,Outdoor
2025-03-19 22,1017.5,1024.3,--,4.3,-3.4,4.7,57,4.6,北北東,,,--,--,晴れ,,Mazda Zoom-Zoom Stadium Hiroshima,Hiroshima,Outdoor
2025-03-19 23,1017.4,1024.2,--,3.7,-3.6,4.7,59,2.9,北北東,,,--,--,晴れ,,Mazda Zoom-Zoom Stadium Hiroshima,Hiroshima,Outdoor
2025-03-19 24,1017.3,1024.1,--,3.5,-3.3,4.8,61,3.0,北北東,,,--,--,晴れ,,Mazda Zoom-Zoom Stadium Hiroshima,Hiroshima,Outdoor
2025-03-20 1,1017.2,1024.0,--,2.9,-3.2,4.8,64,3.5,北,,,--,--,晴れ,,Mazda Zoom-Zoom Stadium Hiroshima,Hiroshima,Outdoor
2025-03-20 2,1016.9,1023.7,--,2.8,-3.1,4.9,65,4.8,北北東,,,--,--,晴れ,,Mazda Zoom-Zoom Stadium Hiroshima,Hiroshima,Outdoor
2025-03-20 3,1016.8,1023.6,--,2.7,-3.0,4.9,66,3.0,北,,,--,--,晴れ,,Mazda Zoom-Zoom Stadium Hiroshima,Hiroshima,Outdoor
2025-03-20 4,1017.1,1023.9,--,2.6,-2.9,4.9,67,2.9,北,,,--,--,曇,,Mazda Zoom-Zoom Stadium Hiroshima,Hiroshima,Outdoor
2025-03-20 5,1016.9,1023.7,0.0,2.7,-2.8,5.0,67,2.4,北北東,,,--,--,曇,,Mazda Zoom-Zoom Stadium Hiroshima,Hiroshima,Outdoor
2025-03-20 6,1017.0,1023.8,0.0,2.6,-2.7,5.0,68,1.8,北,,0.00,--,--,曇,,Mazda Zoom-Zoom Stadium Hiroshima,Hiroshima,Outdoor
2025-03-20 7,1017.1,1023.9,--,2.6,-2.7,5.0,68,2.0,北北東,0.0,0.05,--,--,晴れ,,Mazda Zoom-Zoom Stadium Hiroshima,Hiroshima,Outdoor
2025-03-20 8,1017.1,1023.9,--,3.8,-2.4,5.1,64,1.2,北北西,0.6,0.52,--,--,曇,,Mazda Zoom-Zoom Stadium Hiroshima,Hiroshima,Outdoor
2025-03-20 9,1017.1,1023.9,--,4.6,-2.0,5.3,62,0.8,東,0.2,0.79,--,--,晴れ,,Mazda Zoom-Zoom Stadium Hiroshima,Hiroshima,Outdoor
2025-03-20 10,1016.4,1023.1,--,7.4,-1.5,5.5,53,3.2,南,0.8,2.06,--,--,晴れ,,Mazda Zoom-Zoom Stadium Hiroshima,Hiroshima,Outdoor
2025-03-20 11,1015.9,1022.5,--,8.8,-1.9,5.3,47,4.1,南南西,0.4,1.94,--,--,晴れ,,Mazda Zoom-Zoom Stadium Hiroshima,Hiroshima,Outdoor
2025-03-20 12,1015.3,1021.9,--,9.7,-1.6,5.4,45,5.0,南,0.2,1.63,--,--,曇,,Mazda Zoom-Zoom Stadium Hiroshima,Hiroshima,Outdoor
2025-03-20 13,1014.4,1021.0,--,10.6,-2.4,5.1,40,3.3,南,0.9,2.91,--,--,晴れ,,Mazda Zoom-Zoom Stadium Hiroshima,Hiroshima,Outdoor
2025-03-20 14,1013.6,1020.1,--,11.8,-1.3,5.5,40,5.1,南南東,1.0,2.97,--,--,晴れ,,Mazda Zoom-Zoom Stadium Hiroshima,Hiroshima,Outdoor
2025-03-20 15,1013.1,1019.6,--,11.7,-1.4,5.5,40,6.1,南,1.0,2.52,--,--,晴れ,,Mazda Zoom-Zoom Stadium Hiroshima,Hiroshima,Outdoor
2025-03-20 16,1012.5,1019.0,--,11.7,-1.1,5.6,41,4.6,南,1.0,1.91,--,--,晴れ,,Mazda Zoom-Zoom Stadium Hiroshima,Hiroshima,Outdoor
2025-03-20 17,1012.2,1018.7,--,12.1,-0.1,6.1,43,3.8,南,1.0,1.17,--,--,晴れ,,Mazda Zoom-Zoom Stadium Hiroshima,Hiroshima,Outdoor
2025-03-20 18,1012.0,1018.6,--,11.2,0.9,6.5,49,4.4,南南東,1.0,0.41,--,--,晴れ,,Mazda Zoom-Zoom Stadium Hiroshima,Hiroshima,Outdoor
2025-03-20 19,1012.1,1018.7,--,10.7,0.2,6.2,48,2.5,南,0.0,0.02,--,--,晴れ,,Mazda Zoom-Zoom Stadium Hiroshima,Hiroshima,Outdoor
2025-03-20 20,1012.3,1018.9,--,10.2,0.8,6.5,52,1.1,南,,,--,--,晴れ,,Mazda Zoom-Zoom Stadium Hiroshima,Hiroshima,Outdoor
2025-03-20 21,1012.7,1019.3,--,9.4,1.1,6.6,56,1.1,東,,,--,--,晴れ,,Mazda Zoom-Zoom Stadium Hiroshima,Hiroshima,Outdoor
2025-03-20 22,1012.6,1019.2,--,8.4,1.6,6.8,62,0.9,東,,,--,--,晴れ,,Mazda Zoom-Zoom Stadium Hiroshima,Hiroshima,Outdoor
2025-03-20 23,1012.5,1019.2,--,7.2,1.5,6.8,67,0.7,東北東,,,--,--,晴れ,,Mazda Zoom-Zoom Stadium Hiroshima,Hiroshima,Outdoor
2025-03-20 24,1012.3,1019.0,--,6.7,1.6,6.9,70,0.5,東,,,--,--,晴れ,,Mazda Zoom-Zoom Stadium Hiroshima,Hiroshima,Outdoor
2025-03-21 1,1012.4,1019.1,--,6.1,1.6,6.9,73,1.8,北北東,,,--,--,晴れ,,Mazda Zoom-Zoom Stadium Hiroshima,Hiroshima,Outdoor
2025-03-21 2,1012.1,1018.8,--,5.5,1.2,6.7,74,2.2,北北東,,,--,--,晴れ,,Mazda Zoom-Zoom Stadium Hiroshima,Hiroshima,Outdoor
2025-03-21 3,1012.0,1018.7,--,4.9,1.0,6.6,76,2.0,北北西,,,--,--,晴れ,,Mazda Zoom-Zoom Stadium Hiroshima,Hiroshima,Outdoor
2025-03-21 4,1012.1,1018.8,--,4.6,0.9,6.5,77,1.8,北,,,--,--,晴れ,,Mazda Zoom-Zoom Stadium Hiroshima,Hiroshima,Outdoor
2025-03-21 5,1012.1,1018.8,--,4.2,0.7,6.4,78,1.2,北北東,,,--,--,晴れ,,Mazda Zoom-Zoom Stadium Hiroshima,Hiroshima,Outdoor
2025-03-21 6,1012.4,1019.1,--,4.1,0.8,6.5,79,1.7,北,,0.00,--,--,晴れ,,Mazda Zoom-Zoom Stadium Hiroshima,Hiroshima,Outdoor
2025-03-21 7,1012.2,1018.9,--,4.2,0.7,6.4,78,1.0,北東,0.2,0.09,--,--,晴れ,,Mazda Zoom-Zoom Stadium Hiroshima,Hiroshima,Outdoor
2025-03-21 8,1012.3,1019.0,--,5.6,1.3,6.7,74,2.4,南東,1.0,0.67,--,--,晴れ,,Mazda Zoom-Zoom Stadium Hiroshima,Hiroshima,Outdoor
2025-03-21 9,1012.1,1018.6,--,11.4,4.2,8.2,61,4.3,南南西,1.0,1.42,--,--,晴れ,,Mazda Zoom-Zoom Stadium Hiroshima,Hiroshima,Outdoor
2025-03-21 10,1011.6,1018.1,--,12.9,3.0,7.6,51,7.1,南,1.0,2.11,--,--,晴れ,,Mazda Zoom-Zoom Stadium Hiroshima,Hiroshima,Outdoor
2025-03-21 11,1010.8,1017.2,--,15.2,2.7,7.4,43,4.8,南,1.0,2.60,--,--,晴れ,,Mazda Zoom-Zoom Stadium Hiroshima,Hiroshima,Outdoor
2025-03-21 12,1010.0,1016.4,--,15.8,1.5,6.8,38,6.9,南,1.0,2.96,--,--,晴れ,,Mazda Zoom-Zoom Stadium Hiroshima,Hiroshima,Outdoor
2025-03-21 13,1008.9,1015.3,--,17.3,1.7,6.9,35,4.7,南,1.0,3.00,--,--,晴れ,,Mazda Zoom-Zoom Stadium Hiroshima,Hiroshima,Outdoor
2025-03-21 14,1007.9,1014.3,--,17.8,2.6,7.3,36,4.6,南南東,1.0,2.77,--,--,晴れ,,Mazda Zoom-Zoom Stadium Hiroshima,Hiroshima,Outdoor
2025-03-21 15,1007.2,1013.6,--,17.6,1.6,6.8,34,4.7,南,0.9,2.03,--,--,晴れ,,Mazda Zoom-Zoom Stadium Hiroshima,Hiroshima,Outdoor
2025-03-21 16,1006.7,1013.1,--,17.6,2.4,7.2,36,5.4,南,1.0,1.76,--,--,晴れ,,Mazda Zoom-Zoom Stadium Hiroshima,Hiroshima,Outdoor
2025-03-21 17,1006.5,1012.9,--,17.3,2.9,7.5,38,8.1,南南西,1.0,1.07,--,--,晴れ,,Mazda Zoom-Zoom Stadium Hiroshima,Hiroshima,Outdoor
2025-03-21 18,1007.0,1013.4,--,16.4,3.5,7.8,42,7.2,南,0.9,0.39,--,--,晴れ,,Mazda Zoom-Zoom Stadium Hiroshima,Hiroshima,Outdoor
2025-03-21 19,1007.4,1013.8,--,15.2,3.4,7.8,45,7.5,南南西,0.0,0.02,--,--,晴れ,,Mazda Zoom-Zoom Stadium Hiroshima,Hiroshima,Outdoor
2025-03-21 20,1007.8,1014.2,--,14.6,2.5,7.3,44,4.6,南南西,,,--,--,晴れ,,Mazda Zoom-Zoom Stadium Hiroshima,Hiroshima,Outdoor
2025-03-21 21,1007.9,1014.4,--,14.0,3.2,7.7,48,3.4,南南西,,,--,--,晴れ,,Mazda Zoom-Zoom Stadium Hiroshima,Hiroshima,Outdoor
2025-03-21 22,1008.0,1014.5,--,13.1,4.3,8.3,55,2.0,南西,,,--,--,晴れ,,Mazda Zoom-Zoom Stadium Hiroshima,Hiroshima,Outdoor
2025-03-21 23,1008.1,1014.6,--,13.7,4.6,8.5,54,5.0,南南西,,,--,--,晴れ,,Mazda Zoom-Zoom Stadium Hiroshima,Hiroshima,Outdoor
2025-03-21 24,1007.8,1014.3,--,13.6,4.2,8.3,53,4.2,南南西,,,--,--,晴れ,,Mazda Zoom-Zoom Stadium Hiroshima,Hiroshima,Outdoor
2025-03-22 1,1007.5,1014.0,--,13.6,4.5,8.4,54,4.1,南,,,--,--,晴れ,,Mazda Zoom-Zoom Stadium Hiroshima,Hiroshima,Outdoor
2025-03-22 2,1007.3,1013.8,--,13.1,5.0,8.7,58,6.0,南南西,,,--,--,晴れ,,Mazda Zoom-Zoom Stadium Hiroshima,Hiroshima,Outdoor
2025-03-22 3,1006.8,1013.3,--,12.8,5.2,8.9,60,4.9,南南西,,,--,--,晴れ,,Mazda Zoom-Zoom Stadium Hiroshima,Hiroshima,Outdoor
2025-03-22 4,1006.7,1013.2,--,12.9,4.6,8.5,57,4.0,南南西,,,--,--,晴れ,,Mazda Zoom-Zoom Stadium Hiroshima,Hiroshima,Outdoor
2025-03-22 5,1006.8,1013.3,--,12.7,4.9,8.7,59,5.1,南南西,,,--,--,晴れ,,Mazda Zoom-Zoom Stadium Hiroshima,Hiroshima,Outdoor
2025-03-22 6,1007.1,1013.6,--,10.2,4.4,8.3,67,1.3,西南西,,0.00,--,--,晴れ,,Mazda Zoom-Zoom Stadium Hiroshima,Hiroshima,Outdoor
2025-03-22 7,1007.5,1014.1,--,9.5,4.5,8.4,71,0.7,北北西,0.4,0.12,--,--,晴れ,,Mazda Zoom-Zoom Stadium Hiroshima,Hiroshima,Outdoor
2025-03-22 8,1007.8,1014.3,--,10.8,4.5,8.4,65,0.9,南東,1.0,0.73,--,--,晴れ,,Mazda Zoom-Zoom Stadium Hiroshima,Hiroshima,Outdoor
2025-03-22 9,1008.0,1014.5,--,13.4,4.0,8.1,53,1.5,南南西,1.0,1.47,--,--,晴れ,,Mazda Zoom-Zoom Stadium Hiroshima,Hiroshima,Outdoor
2025-03-22 10,1007.7,1014.1,--,16.4,1.3,6.7,36,3.0,南,1.0,2.17,--,--,晴れ,,Mazda Zoom-Zoom Stadium Hiroshima,Hiroshima,Outdoor
2025-03-22 11,1007.4,1013.7,--,18.3,2.2,7.2,34,3.2,南,1.0,2.70,--,--,晴れ,,Mazda Zoom-Zoom Stadium Hiroshima,Hiroshima,Outdoor
2025-03-22 12,1006.7,1013.0,--,19.7,2.1,7.1,31,2.7,南,1.0,2.96,--,--,晴れ,,Mazda Zoom-Zoom Stadium Hiroshima,Hiroshima,Outdoor
2025-03-22 13,1005.9,1012.2,--,20.4,1.8,7.0,29,5.1,南,1.0,3.00,--,--,晴れ,,Mazda Zoom-Zoom Stadium Hiroshima,Hiroshima,Outdoor
2025-03-22 14,1004.6,1010.8,--,21.7,1.9,7.0,27,5.0,南,1.0,2.82,--,--,晴れ,,Mazda Zoom-Zoom Stadium Hiroshima,Hiroshima,Outdoor
2025-03-22 15,1004.1,1010.3,--,22.6,2.1,7.1,26,2.9,南南東,1.0,2.39,--,--,晴れ,,Mazda Zoom-Zoom Stadium Hiroshima,Hiroshima,Outdoor
2025-03-22 16,1003.5,1009.7,--,21.6,1.3,6.7,26,7.1,南南西,1.0,1.81,--,--,晴れ,,Mazda Zoom-Zoom Stadium Hiroshima,Hiroshima,Outdoor
2025-03-22 17,1003.4,1009.6,--,22.0,-1.3,5.6,21,5.8,南南西,1.0,1.12,--,--,晴れ,,Mazda Zoom-Zoom Stadium Hiroshima,Hiroshima,Outdoor
2025-03-22 18,1003.8,1010.0,--,21.5,-4.5,4.4,17,5.1,南西,1.0,0.42,--,--,晴れ,,Mazda Zoom-Zoom Stadium Hiroshima,Hiroshima,Outdoor
2025-03-22 19,1004.1,1010.4,--,20.3,-3.4,4.8,20,7.7,南西,0.0,0.02,--,--,晴れ,,Mazda Zoom-Zoom Stadium Hiroshima,Hiroshima,Outdoor
2025-03-22 20,1004.4,1010.7,--,19.5,-4.0,4.5,20,4.9,南南西,,,--,--,晴れ,,Mazda Zoom-Zoom Stadium Hiroshima,Hiroshima,Outdoor
2025-03-22 21,1004.9,1011.2,--,17.8,-1.4,5.5,27,2.8,南南東,,,--,--,晴れ,,Mazda Zoom-Zoom Stadium Hiroshima,Hiroshima,Outdoor
2025-03-22 22,1005.3,1011.7,--,17.0,-1.6,5.4,28,2.9,南,,,--,--,晴れ,,Mazda Zoom-Zoom Stadium Hiroshima,Hiroshima,Outdoor
2025-03-22 23,1005.7,1012.1,--,17.1,-1.5,5.5,28,3.9,南南西,,,--,--,晴れ,,Mazda Zoom-Zoom Stadium Hiroshima,Hiroshima,Outdoor
2025-03-22 24,1005.7,1012.1,--,16.8,-1.3,5.5,29,4.3,南南西,,,--,--,晴れ,,Mazda Zoom-Zoom Stadium Hiroshima,Hiroshima,Outdoor
2025-03-23 1,1005.6,1012.0,--,16.2,-0.5,5.9,32,4.6,南南西,,,--,--,晴れ,,Mazda Zoom-Zoom Stadium Hiroshima,Hiroshima,Outdoor
2025-03-23 2,1005.6,1012.1,--,13.2,0.9,6.5,43,2.2,南,,,--,--,晴れ,,Mazda Zoom-Zoom Stadium Hiroshima,Hiroshima,Outdoor
2025-03-23 3,1005.3,1011.8,--,12.3,1.6,6.9,48,1.8,南南東,,,--,--,晴れ,,Mazda Zoom-Zoom Stadium Hiroshima,Hiroshima,Outdoor
2025-03-23 4,1005.5,1012.0,--,11.1,1.4,6.7,51,2.4,北,,,--,--,晴れ,,Mazda Zoom-Zoom Stadium Hiroshima,Hiroshima,Outdoor
2025-03-23 5,1006.0,1012.5,--,10.2,1.6,6.8,55,2.3,北,,,--,--,晴れ,,Mazda Zoom-Zoom Stadium Hiroshima,Hiroshima,Outdoor
2025-03-23 6,1006.4,1013.0,--,9.6,1.5,6.8,57,2.1,北北東,,0.00,--,--,晴れ,,Mazda Zoom-Zoom Stadium Hiroshima,Hiroshima,Outdoor
2025-03-23 7,1006.9,1013.5,--,9.3,1.9,7.0,60,2.2,北,0.5,0.13,--,--,晴れ,,Mazda Zoom-Zoom Stadium Hiroshima,Hiroshima,Outdoor
2025-03-23 8,1007.5,1014.0,--,10.8,1.9,7.0,54,0.8,北北東,1.0,0.76,--,--,晴れ,,Mazda Zoom-Zoom Stadium Hiroshima,Hiroshima,Outdoor
2025-03-23 9,1007.9,1014.4,--,13.3,1.9,7.0,46,1.2,北西,1.0,1.51,--,--,晴れ,,Mazda Zoom-Zoom Stadium Hiroshima,Hiroshima,Outdoor
2025-03-23 10,1008.1,1014.5,--,16.0,1.7,6.9,38,1.3,北,1.0,2.19,--,--,晴れ,,Mazda Zoom-Zoom Stadium Hiroshima,Hiroshima,Outdoor
2025-03-23 11,1007.7,1014.0,--,19.1,1.6,6.9,31,2.3,南南東,1.0,2.70,--,--,晴れ,,Mazda Zoom-Zoom Stadium Hiroshima,Hiroshima,Outdoor
2025-03-23 12,1007.2,1013.5,--,20.4,2.3,7.2,30,4.7,南,1.0,3.02,--,--,晴れ,,Mazda Zoom-Zoom Stadium Hiroshima,Hiroshima,Outdoor
2025-03-23 13,1006.4,1012.7,--,21.0,2.8,7.5,30,3.7,南,1.0,3.08,--,--,晴れ,,Mazda Zoom-Zoom Stadium Hiroshima,Hiroshima,Outdoor
2025-03-23 14,1005.6,1011.9,--,21.1,2.4,7.3,29,4.0,南,1.0,2.87,--,--,晴れ,,Mazda Zoom-Zoom Stadium Hiroshima,Hiroshima,Outdoor
2025-03-23 15,1005.2,1011.5,--,21.6,2.8,7.5,29,4.4,南,1.0,2.44,--,--,晴れ,,Mazda Zoom-Zoom Stadium Hiroshima,Hiroshima,Outdoor
2025-03-23 16,1004.6,1010.8,--,22.6,2.7,7.4,27,1.9,南南東,1.0,1.78,--,--,晴れ,,Mazda Zoom-Zoom Stadium Hiroshima,Hiroshima,Outdoor
2025-03-23 17,1004.8,1011.0,--,21.7,2.9,7.5,29,2.9,南,1.0,1.09,--,--,晴れ,,Mazda Zoom-Zoom Stadium Hiroshima,Hiroshima,Outdoor
2025-03-23 18,1005.2,1011.5,--,20.5,2.8,7.5,31,1.5,南南東,0.8,0.39,--,--,晴れ,,Mazda Zoom-Zoom Stadium Hiroshima,Hiroshima,Outdoor
2025-03-23 19,1005.7,1012.0,--,19.1,2.9,7.5,34,0.8,南東,0.0,0.02,--,--,晴れ,,Mazda Zoom-Zoom Stadium Hiroshima,Hiroshima,Outdoor
2025-03-23 20,1006.2,1012.5,--,18.2,4.4,8.4,40,1.2,南,,,--,--,曇,,Mazda Zoom-Zoom Stadium Hiroshima,Hiroshima,Outdoor
2025-03-23 21,1006.7,1013.1,--,16.8,4.2,8.2,43,2.5,北,,,--,--,晴れ,,Mazda Zoom-Zoom Stadium Hiroshima,Hiroshima,Outdoor
2025-03-23 22,1006.8,1013.2,--,15.6,4.7,8.5,48,1.4,北北東,,,--,--,晴れ,,Mazda Zoom-Zoom Stadium Hiroshima,Hiroshima,Outdoor
2025-03-23 23,1006.5,1012.9,--,14.4,4.4,8.4,51,2.9,北,,,--,--,曇,,Mazda Zoom-Zoom Stadium Hiroshima,Hiroshima,Outdoor
2025-03-23 24,1006.2,1012.6,--,13.8,3.3,7.7,49,2.3,北北東,,,--,--,曇,,Mazda Zoom-Zoom Stadium Hiroshima,Hiroshima,Outdoor
2025-03-24 1,1006.2,1012.7,--,13.0,3.1,7.6,51,1.6,北北東,,,--,--,曇,,Mazda Zoom-Zoom Stadium Hiroshima,Hiroshima,Outdoor
2025-03-24 2,1005.9,1012.4,--,12.5,2.7,7.4,51,3.5,北北東,,,--,--,曇,,Mazda Zoom-Zoom Stadium Hiroshima,Hiroshima,Outdoor
2025-03-24 3,1005.3,1011.8,--,11.9,3.2,7.7,55,2.4,北,,,--,--,曇,,Mazda Zoom-Zoom Stadium Hiroshima,Hiroshima,Outdoor
2025-03-24 4,1005.2,1011.7,--,11.8,2.5,7.3,53,2.0,北北東,,,--,--,曇,,Mazda Zoom-Zoom Stadium Hiroshima,Hiroshima,Outdoor
2025-03-24 5,1004.6,1011.1,--,11.6,2.6,7.4,54,3.6,北,,,--,--,曇,,Mazda Zoom-Zoom Stadium Hiroshima,Hiroshima,Outdoor
2025-03-24 6,1004.9,1011.4,--,11.4,2.7,7.4,55,1.5,北北東,,0.00,--,--,曇,,Mazda Zoom-Zoom Stadium Hiroshima,Hiroshima,Outdoor
2025-03-24 7,1005.3,1011.8,--,11.6,2.9,7.5,55,0.8,北東,0.0,0.05,--,--,曇,,Mazda Zoom-Zoom Stadium Hiroshima,Hiroshima,Outdoor
2025-03-24 8,1005.3,1011.8,--,12.3,3.5,7.9,55,0.4,南,0.0,0.27,--,--,曇,,Mazda Zoom-Zoom Stadium Hiroshima,Hiroshima,Outdoor
2025-03-24 9,1005.2,1011.6,--,14.5,4.2,8.3,50,1.0,南南西,0.4,0.97,--,--,曇,,Mazda Zoom-Zoom Stadium Hiroshima,Hiroshima,Outdoor
2025-03-24 10,1004.7,1011.1,--,16.7,2.7,7.4,39,1.0,南,0.3,1.42,--,--,曇,,Mazda Zoom-Zoom Stadium Hiroshima,Hiroshima,Outdoor
2025-03-24 11,1004.0,1010.3,--,18.2,3.7,7.9,38,4.2,南南西,0.0,1.27,--,--,曇,,Mazda Zoom-Zoom Stadium Hiroshima,Hiroshima,Outdoor
2025-03-24 12,1003.0,1009.3,--,19.1,4.1,8.2,37,2.9,南,0.0,1.41,--,--,曇,,Mazda Zoom-Zoom Stadium Hiroshima,Hiroshima,Outdoor
2025-03-24 13,1003.3,1009.7,0.5,15.5,8.7,11.3,64,6.1,南南西,0.0,0.37,--,--,雨,,Mazda Zoom-Zoom Stadium Hiroshima,Hiroshima,Outdoor
2025-03-24 14,1002.6,1009.0,1.5,15.2,10.4,12.6,73,3.0,南東,0.0,0.57,--,--,曇,,Mazda Zoom-Zoom Stadium Hiroshima,Hiroshima,Outdoor
2025-03-24 15,1001.5,1007.8,--,17.3,8.5,11.1,56,3.4,南,1.0,2.37,--,--,晴れ,,Mazda Zoom-Zoom Stadium Hiroshima,Hiroshima,Outdoor
2025-03-24 16,1000.9,1007.2,--,18.0,8.3,10.9,53,5.5,南,1.0,1.75,--,--,晴れ,,Mazda Zoom-Zoom Stadium Hiroshima,Hiroshima,Outdoor
2025-03-24 17,1000.7,1007.0,--,17.5,8.6,11.2,56,3.6,南南西,1.0,1.00,--,--,晴れ,,Mazda Zoom-Zoom Stadium Hiroshima,Hiroshima,Outdoor
2025-03-24 18,1000.6,1007.0,--,16.1,8.8,11.3,62,2.8,南西,0.3,0.34,--,--,晴れ,,Mazda Zoom-Zoom Stadium Hiroshima,Hiroshima,Outdoor
2025-03-24 19,1000.7,1007.1,--,16.0,8.5,11.1,61,4.4,南南西,0.0,0.02,--,--,晴れ,,Mazda Zoom-Zoom Stadium Hiroshima,Hiroshima,Outdoor
2025-03-24 20,1001.1,1007.5,--,15.8,8.5,11.1,62,1.2,南南東,,,--,--,晴れ,,Mazda Zoom-Zoom Stadium Hiroshima,Hiroshima,Outdoor
2025-03-24 21,1001.3,1007.7,--,14.8,9.2,11.6,69,1.9,南南西,,,--,--,晴れ,,Mazda Zoom-Zoom Stadium Hiroshima,Hiroshima,Outdoor
2025-03-24 22,1001.1,1007.5,--,14.9,8.8,11.4,67,2.6,南,,,--,--,晴れ,,Mazda Zoom-Zoom Stadium Hiroshima,Hiroshima,Outdoor
2025-03-24 23,1001.2,1007.6,--,14.0,8.8,11.3,71,1.5,南南西,,,--,--,晴れ,,Mazda Zoom-Zoom Stadium Hiroshima,Hiroshima,Outdoor
2025-03-24 24,1001.1,1007.5,--,13.2,9.5,11.8,78,1.0,西南西,,,--,--,晴れ,,Mazda Zoom-Zoom Stadium Hiroshima,Hiroshima,Outdoor
2025-03-25 1,1001.1,1007.5,--,12.6,9.1,11.5,79,1.0,北北西,,,--,--,晴れ,,Mazda Zoom-Zoom Stadium Hiroshima,Hiroshima,Outdoor
2025-03-25 2,1001.1,1007.6,--,12.0,9.0,11.5,82,1.0,北北東,,,--,--,晴れ,,Mazda Zoom-Zoom Stadium Hiroshima,Hiroshima,Outdoor
2025-03-25 3,1000.7,1007.2,--,11.8,8.7,11.2,81,1.4,北北東,,,--,--,晴れ,,Mazda Zoom-Zoom Stadium Hiroshima,Hiroshima,Outdoor
2025-03-25 4,1000.5,1007.0,--,11.6,8.6,11.2,82,1.4,南西,,,--,--,晴れ,,Mazda Zoom-Zoom Stadium Hiroshima,Hiroshima,Outdoor
2025-03-25 5,1000.6,1007.1,--,11.2,8.3,10.9,82,0.8,北西,,,--,--,晴れ,,Mazda Zoom-Zoom Stadium Hiroshima,Hiroshima,Outdoor
2025-03-25 6,1001.0,1007.5,--,11.0,8.1,10.8,82,1.4,南西,,0.00,--,--,晴れ,,Mazda Zoom-Zoom Stadium Hiroshima,Hiroshima,Outdoor
2025-03-25 7,1001.0,1007.5,--,11.1,8.0,10.7,81,1.0,西南西,0.0,0.10,--,--,晴れ,,Mazda Zoom-Zoom Stadium Hiroshima,Hiroshima,Outdoor
2025-03-25 8,1001.1,1007.6,--,12.3,8.2,10.9,76,0.8,西,0.7,0.60,--,--,晴れ,,Mazda Zoom-Zoom Stadium Hiroshima,Hiroshima,Outdoor
2025-03-25 9,1001.0,1007.4,--,15.2,8.9,11.4,66,1.5,南,1.0,1.26,--,--,晴れ,,Mazda Zoom-Zoom Stadium Hiroshima,Hiroshima,Outdoor
2025-03-25 10,1000.7,1007.0,--,18.6,8.3,10.9,51,3.1,南,1.0,1.92,--,--,晴れ,,Mazda Zoom-Zoom Stadium Hiroshima,Hiroshima,Outdoor
2025-03-25 11,1000.3,1006.6,--,19.8,7.2,10.2,44,4.8,南,1.0,2.44,--,--,晴れ,,Mazda Zoom-Zoom Stadium Hiroshima,Hiroshima,Outdoor
2025-03-25 12,999.2,1005.4,--,21.9,6.6,9.7,37,5.5,南,1.0,2.78,--,--,晴れ,,Mazda Zoom-Zoom Stadium Hiroshima,Hiroshima,Outdoor
2025-03-25 13,998.6,1004.8,--,22.7,6.1,9.4,34,4.4,南,1.0,2.92,--,--,晴れ,,Mazda Zoom-Zoom Stadium Hiroshima,Hiroshima,Outdoor
2025-03-25 14,997.6,1003.8,--,23.3,5.7,9.2,32,5.5,南,1.0,2.77,--,--,晴れ,,Mazda Zoom-Zoom Stadium Hiroshima,Hiroshima,Outdoor
2025-03-25 15,996.8,1002.9,--,23.9,5.8,9.2,31,6.1,南,1.0,2.40,--,--,晴れ,,Mazda Zoom-Zoom Stadium Hiroshima,Hiroshima,Outdoor
2025-03-25 16,996.4,1002.6,--,23.4,5.3,8.9,31,5.6,南,1.0,1.79,--,--,晴れ,,Mazda Zoom-Zoom Stadium Hiroshima,Hiroshima,Outdoor
2025-03-25 17,996.7,1002.9,--,22.3,5.7,9.2,34,4.5,南,1.0,1.03,--,--,晴れ,,Mazda Zoom-Zoom Stadium Hiroshima,Hiroshima,Outdoor
2025-03-25 18,997.0,1003.2,--,21.7,4.3,8.3,32,5.3,南,0.6,0.36,--,--,晴れ,,Mazda Zoom-Zoom Stadium Hiroshima,Hiroshima,Outdoor
2025-03-25 19,997.4,1003.7,--,19.7,6.8,9.9,43,3.2,南,0.0,0.02,--,--,晴れ,,Mazda Zoom-Zoom Stadium Hiroshima,Hiroshima,Outdoor
2025-03-25 20,997.7,1004.0,--,19.1,8.5,11.1,50,2.7,南南東,,,--,--,晴れ,,Mazda Zoom-Zoom Stadium Hiroshima,Hiroshima,Outdoor
2025-03-25 21,997.4,1003.7,--,18.7,8.9,11.4,53,3.1,南南東,,,--,--,晴れ,,Mazda Zoom-Zoom Stadium Hiroshima,Hiroshima,Outdoor
2025-03-25 22,998.0,1004.3,--,17.8,8.9,11.4,56,1.9,南南東,,,--,--,晴れ,,Mazda Zoom-Zoom Stadium Hiroshima,Hiroshima,Outdoor
2025-03-25 23,998.3,1004.6,--,17.2,8.4,11.0,56,2.0,南,,,--,--,晴れ,,Mazda Zoom-Zoom Stadium Hiroshima,Hiroshima,Outdoor
2025-03-25 24,998.6,1004.9,--,16.5,8.0,10.7,57,2.2,南西,,,--,--,晴れ,,Mazda Zoom-Zoom Stadium Hiroshima,Hiroshima,Outdoor
2025-03-26 1,998.6,1004.9,--,16.4,7.4,10.3,55,1.5,西南西,,,--,--,晴れ,,Mazda Zoom-Zoom Stadium Hiroshima,Hiroshima,Outdoor
2025-03-26 2,999.1,1005.4,--,17.9,6.1,9.4,46,4.2,南南西,,,--,--,晴れ,,Mazda Zoom-Zoom Stadium Hiroshima,Hiroshima,Outdoor
2025-03-26 3,999.1,1005.4,--,17.8,7.0,10.0,49,5.1,南南西,,,--,--,晴れ,,Mazda Zoom-Zoom Stadium Hiroshima,Hiroshima,Outdoor
2025-03-26 4,999.9,1006.2,--,17.1,8.3,10.9,56,3.1,南西,,,--,--,晴れ,,Mazda Zoom-Zoom Stadium Hiroshima,Hiroshima,Outdoor
2025-03-26 5,1000.6,1007.0,--,16.2,8.7,11.2,61,2.2,北北西,,,--,--,晴れ,,Mazda Zoom-Zoom Stadium Hiroshima,Hiroshima,Outdoor
2025-03-26 6,1001.3,1007.7,--,15.2,8.0,10.7,62,1.6,北北西,,0.00,--,--,晴れ,,Mazda Zoom-Zoom Stadium Hiroshima,Hiroshima,Outdoor
2025-03-26 7,1002.1,1008.5,--,14.3,7.8,10.6,65,3.5,北北東,0.0,0.13,--,--,晴れ,,Mazda Zoom-Zoom Stadium Hiroshima,Hiroshima,Outdoor
2025-03-26 8,1002.9,1009.3,--,15.1,8.1,10.8,63,2.2,北北東,1.0,0.75,--,--,晴れ,,Mazda Zoom-Zoom Stadium Hiroshima,Hiroshima,Outdoor
2025-03-26 9,1003.4,1009.7,--,18.6,8.0,10.7,50,1.7,北東,1.0,1.52,--,--,晴れ,,Mazda Zoom-Zoom Stadium Hiroshima,Hiroshima,Outdoor
2025-03-26 10,1003.7,1010.0,--,20.0,5.7,9.1,39,2.4,北,1.0,2.20,--,--,晴れ,,Mazda Zoom-Zoom Stadium Hiroshima,Hiroshima,Outdoor
2025-03-26 11,1003.4,1009.6,--,22.1,6.8,9.8,37,2.2,南南西,1.0,2.68,--,--,晴れ,,Mazda Zoom-Zoom Stadium Hiroshima,Hiroshima,Outdoor
2025-03-26 12,1003.1,1009.3,--,22.9,5.4,8.9,32,4.7,南西,1.0,2.99,--,--,晴れ,,Mazda Zoom-Zoom Stadium Hiroshima,Hiroshima,Outdoor
2025-03-26 13,1002.3,1008.5,--,23.5,5.0,8.7,30,4.5,南西,1.0,2.99,--,--,晴れ,,Mazda Zoom-Zoom Stadium Hiroshima,Hiroshima,Outdoor
2025-03-26 14,1001.9,1008.1,--,23.2,5.6,9.1,32,4.3,南西,1.0,2.82,--,--,晴れ,,Mazda Zoom-Zoom Stadium Hiroshima,Hiroshima,Outdoor
2025-03-26 15,1001.7,1007.9,--,23.5,6.8,9.8,34,3.3,南南西,1.0,2.42,--,--,晴れ,,Mazda Zoom-Zoom Stadium Hiroshima,Hiroshima,Outdoor
2025-03-26 16,1001.6,1007.8,--,23.8,7.4,10.3,35,2.6,南西,1.0,1.79,--,--,晴れ,,Mazda Zoom-Zoom Stadium Hiroshima,Hiroshima,Outdoor
2025-03-26 17,1001.4,1007.6,--,23.4,5.3,8.9,31,2.5,西,1.0,1.09,--,--,晴れ,,Mazda Zoom-Zoom Stadium Hiroshima,Hiroshima,Outdoor
2025-03-26 18,1001.6,1007.8,--,22.4,6.6,9.8,36,2.5,西南西,0.7,0.40,--,--,晴れ,,Mazda Zoom-Zoom Stadium Hiroshima,Hiroshima,Outdoor
2025-03-26 19,1001.7,1007.9,--,21.9,8.1,10.8,41,1.8,南西,0.0,0.03,--,--,晴れ,,Mazda Zoom-Zoom Stadium Hiroshima,Hiroshima,Outdoor
2025-03-26 20,1002.4,1008.7,--,20.4,8.1,10.8,45,1.1,南南西,,,--,--,晴れ,,Mazda Zoom-Zoom Stadium Hiroshima,Hiroshima,Outdoor
2025-03-26 21,1002.9,1009.2,--,19.1,9.0,11.5,52,3.0,南西,,,--,--,晴れ,,Mazda Zoom-Zoom Stadium Hiroshima,Hiroshima,Outdoor
2025-03-26 22,1002.5,1008.8,--,18.7,9.8,12.1,56,1.0,北,,,--,--,晴れ,,Mazda Zoom-Zoom Stadium Hiroshima,Hiroshima,Outdoor
2025-03-26 23,1002.6,1008.9,--,17.5,8.1,10.8,54,4.1,北,,,--,--,晴れ,,Mazda Zoom-Zoom Stadium Hiroshima,Hiroshima,Outdoor
2025-03-26 24,1002.4,1008.7,--,16.9,8.1,10.8,56,4.1,北北東,,,--,--,晴れ,,Mazda Zoom-Zoom Stadium Hiroshima,Hiroshima,Outdoor
2025-03-27 1,1003.0,1009.4,--,16.0,8.3,10.9,60,3.0,北,,,--,--,晴れ,,Mazda Zoom-Zoom Stadium Hiroshima,Hiroshima,Outdoor
2025-03-27 2,1002.9,1009.3,--,16.1,8.3,11.0,60,1.4,北東,,,--,--,晴れ,,Mazda Zoom-Zoom Stadium Hiroshima,Hiroshima,Outdoor
2025-03-27 3,1002.1,1008.5,--,15.4,8.6,11.2,64,2.3,北北東,,,--,--,晴れ,,Mazda Zoom-Zoom Stadium Hiroshima,Hiroshima,Outdoor
2025-03-27 4,1001.4,1007.8,--,14.8,8.5,11.1,66,2.6,北北東,,,--,--,晴れ,,Mazda Zoom-Zoom Stadium Hiroshima,Hiroshima,Outdoor
2025-03-27 5,1001.3,1007.7,--,14.3,8.7,11.2,69,2.8,北,,,--,--,晴れ,,Mazda Zoom-Zoom Stadium Hiroshima,Hiroshima,Outdoor
2025-03-27 6,1001.4,1007.8,--,14.3,8.9,11.4,70,2.6,北,,0.00,--,--,晴れ,,Mazda Zoom-Zoom Stadium Hiroshima,Hiroshima,Outdoor
2025-03-27 7,1001.4,1007.8,--,14.8,9.2,11.6,69,0.9,北東,0.0,0.09,--,--,曇,,Mazda Zoom-Zoom Stadium Hiroshima,Hiroshima,Outdoor
2025-03-27 8,1001.2,1007.6,--,15.8,9.9,12.2,68,1.1,南,0.0,0.24,--,--,曇,,Mazda Zoom-Zoom Stadium Hiroshima,Hiroshima,Outdoor
2025-03-27 9,1000.8,1007.1,--,17.4,10.1,12.3,62,0.6,南南西,0.0,0.47,--,--,曇,,Mazda Zoom-Zoom Stadium Hiroshima,Hiroshima,Outdoor
2025-03-27 10,1000.6,1006.9,--,18.6,11.2,13.3,62,1.3,西,0.0,0.52,--,--,曇,,Mazda Zoom-Zoom Stadium Hiroshima,Hiroshima,Outdoor
2025-03-27 11,1000.1,1006.4,--,19.4,12.2,14.2,63,0.9,南西,0.0,0.44,--,--,曇,,Mazda Zoom-Zoom Stadium Hiroshima,Hiroshima,Outdoor
2025-03-27 12,999.7,1006.0,0.0,19.2,12.7,14.7,66,2.6,南南西,0.0,0.61,--,--,曇,,Mazda Zoom-Zoom Stadium Hiroshima,Hiroshima,Outdoor
2025-03-27 13,998.5,1004.8,0.0,19.7,13.6,15.6,68,2.0,西,0.0,0.52,--,--,曇,,Mazda Zoom-Zoom Stadium Hiroshima,Hiroshima,Outdoor
2025-03-27 14,997.6,1003.8,--,19.9,14.1,16.0,69,2.0,南西,0.0,0.63,--,--,曇,,Mazda Zoom-Zoom Stadium Hiroshima,Hiroshima,Outdoor
2025-03-27 15,997.0,1003.3,--,19.6,14.4,16.4,72,7.7,南南西,0.0,0.41,--,--,曇,,Mazda Zoom-Zoom Stadium Hiroshima,Hiroshima,Outdoor
2025-03-27 16,996.6,1002.9,0.0,19.0,14.5,16.5,75,6.0,南西,0.0,0.19,--,--,雨,,Mazda Zoom-Zoom Stadium Hiroshima,Hiroshima,Outdoor
2025-03-27 17,997.0,1003.3,0.0,18.6,14.3,16.3,76,6.5,南西,0.0,0.05,--,--,雨,,Mazda Zoom-Zoom Stadium Hiroshima,Hiroshima,Outdoor
2025-03-27 18,996.5,1002.8,0.0,18.2,14.5,16.5,79,6.7,南西,0.0,0.01,--,--,雨,,Mazda Zoom-Zoom Stadium Hiroshima,Hiroshima,Outdoor
2025-03-27 19,996.3,1002.6,5.0,17.7,15.2,17.2,85,6.6,南南西,0.0,0.00,--,--,雷電,,Mazda Zoom-Zoom Stadium Hiroshima,Hiroshima,Outdoor
2025-03-27 20,996.3,1002.6,6.5,17.9,15.5,17.6,86,7.1,南南西,,,--,--,雨,,Mazda Zoom-Zoom Stadium Hiroshima,Hiroshima,Outdoor
2025-03-27 21,995.3,1001.6,1.5,17.8,15.4,17.5,86,2.1,南,,,--,--,雨,,Mazda Zoom-Zoom Stadium Hiroshima,Hiroshima,Outdoor
2025-03-27 22,994.6,1000.9,6.0,17.3,15.3,17.4,88,0.9,南西,,,--,--,雨,,Mazda Zoom-Zoom Stadium Hiroshima,Hiroshima,Outdoor
2025-03-27 23,993.2,999.5,4.5,17.0,15.4,17.4,90,0.8,北北西,,,--,--,雨,,Mazda Zoom-Zoom Stadium Hiroshima,Hiroshima,Outdoor
2025-03-27 24,993.6,999.9,9.5,17.3,15.7,17.8,90,0.9,北西,,,--,--,雨,,Mazda Zoom-Zoom Stadium Hiroshima,Hiroshima,Outdoor
2025-03-28 1,993.7,1000.0,6.0,17.4,15.9,18.1,91,2.2,北東,,,--,--,雨,,Mazda Zoom-Zoom Stadium Hiroshima,Hiroshima,Outdoor
2025-03-28 2,994.3,1000.6,0.0,17.4,15.8,17.9,90,1.1,東,,,--,--,曇,,Mazda Zoom-Zoom Stadium Hiroshima,Hiroshima,Outdoor
2025-03-28 3,994.8,1001.1,--,17.3,15.8,18.0,91,1.0,北西,,,--,--,曇,,Mazda Zoom-Zoom Stadium Hiroshima,Hiroshima,Outdoor
2025-03-28 4,997.2,1003.5,--,16.6,13.7,15.7,83,3.9,北北西,,,--,--,曇,,Mazda Zoom-Zoom Stadium Hiroshima,Hiroshima,Outdoor
2025-03-28 5,997.8,1004.2,--,15.3,9.0,11.5,66,8.1,北北西,,,--,--,曇,,Mazda Zoom-Zoom Stadium Hiroshima,Hiroshima,Outdoor
2025-03-28 6,998.2,1004.6,--,14.7,7.7,10.5,63,4.1,北,,0.00,--,--,曇,,Mazda Zoom-Zoom Stadium Hiroshima,Hiroshima,Outdoor
2025-03-28 7,998.2,1004.6,--,14.6,7.7,10.5,63,1.9,北北東,0.0,0.12,--,--,曇,,Mazda Zoom-Zoom Stadium Hiroshima,Hiroshima,Outdoor
2025-03-28 8,1000.1,1006.5,--,15.2,7.5,10.4,60,4.9,北,0.2,0.63,--,--,曇,,Mazda Zoom-Zoom Stadium Hiroshima,Hiroshima,Outdoor
2025-03-28 9,1001.1,1007.5,0.0,15.7,7.5,10.3,58,5.2,北,0.5,1.05,--,--,曇,,Mazda Zoom-Zoom Stadium Hiroshima,Hiroshima,Outdoor
2025-03-28 10,1002.3,1008.6,--,16.9,7.3,10.2,53,3.2,北北西,0.2,1.16,--,--,曇,,Mazda Zoom-Zoom Stadium Hiroshima,Hiroshima,Outdoor
2025-03-28 11,1001.9,1008.3,--,16.3,6.4,9.6,52,4.2,北北東,0.2,1.65,--,--,曇,,Mazda Zoom-Zoom Stadium Hiroshima,Hiroshima,Outdoor
2025-03-28 12,1001.2,1007.6,0.0,16.4,7.1,10.1,54,3.4,北,0.0,0.88,--,--,雨,,Mazda Zoom-Zoom Stadium Hiroshima,Hiroshima,Outdoor
2025-03-28 13,1000.1,1006.5,0.0,15.8,6.3,9.5,53,3.9,北北東,0.0,0.56,--,--,曇,,Mazda Zoom-Zoom Stadium Hiroshima,Hiroshima,Outdoor
2025-03-28 14,1000.9,1007.3,--,15.7,6.4,9.6,54,6.1,北北西,0.0,0.45,--,--,曇,,Mazda Zoom-Zoom Stadium Hiroshima,Hiroshima,Outdoor
2025-03-28 15,1001.6,1008.0,--,15.3,5.8,9.2,53,5.9,北,0.0,0.39,--,--,曇,,Mazda Zoom-Zoom Stadium Hiroshima,Hiroshima,Outdoor
2025-03-28 16,1002.4,1008.8,--,14.5,5.9,9.2,56,4.7,北,0.0,0.13,--,--,曇,,Mazda Zoom-Zoom Stadium Hiroshima,Hiroshima,Outdoor
2025-03-28 17,1003.4,1009.8,--,14.0,4.9,8.6,54,6.5,北,0.0,0.17,--,--,曇,,Mazda Zoom-Zoom Stadium Hiroshima,Hiroshima,Outdoor
2025-03-28 18,1004.7,1011.2,--,12.6,3.3,7.7,53,5.1,北,0.0,0.14,--,--,曇,,Mazda Zoom-Zoom Stadium Hiroshima,Hiroshima,Outdoor
2025-03-28 19,1005.3,1011.8,--,12.4,3.1,7.6,53,3.9,北北東,0.0,0.01,--,--,曇,,Mazda Zoom-Zoom Stadium Hiroshima,Hiroshima,Outdoor
2025-03-28 20,1006.3,1012.8,--,12.0,3.5,7.9,56,5.8,北,,,--,--,曇,,Mazda Zoom-Zoom Stadium Hiroshima,Hiroshima,Outdoor
2025-03-28 21,1007.2,1013.7,--,11.6,2.6,7.4,54,6.6,北,,,--,--,曇,,Mazda Zoom-Zoom Stadium Hiroshima,Hiroshima,Outdoor
2025-03-28 22,1008.6,1015.1,--,11.4,3.0,7.5,56,4.6,北,,,--,--,曇,,Mazda Zoom-Zoom Stadium Hiroshima,Hiroshima,Outdoor
2025-03-28 23,1009.3,1015.8,--,10.6,2.9,7.5,59,7.6,北北西,,,--,--,曇,,Mazda Zoom-Zoom Stadium Hiroshima,Hiroshima,Outdoor
2025-03-28 24,1009.2,1015.8,--,10.1,2.0,7.0,57,6.7,北,,,--,--,曇,,Mazda Zoom-Zoom Stadium Hiroshima,Hiroshima,Outdoor
2025-03-29 1,1010.4,1017.0,0.0,9.7,2.1,7.1,59,6.9,北,,,--,--,雨,,Mazda Zoom-Zoom Stadium Hiroshima,Hiroshima,Outdoor
2025-03-29 2,1010.6,1017.2,0.0,9.3,1.9,7.0,60,4.7,北,,,--,--,曇,,Mazda Zoom-Zoom Stadium Hiroshima,Hiroshima,Outdoor
2025-03-29 3,1010.2,1016.8,--,9.1,1.3,6.7,58,3.7,北北東,,,--,--,曇,,Mazda Zoom-Zoom Stadium Hiroshima,Hiroshima,Outdoor
2025-03-29 4,1010.5,1017.1,--,8.9,0.6,6.4,56,4.3,北,,,--,--,曇,,Mazda Zoom-Zoom Stadium Hiroshima,Hiroshima,Outdoor
2025-03-29 5,1010.5,1017.1,--,8.8,-0.5,5.9,52,3.3,北,,,--,--,曇,,Mazda Zoom-Zoom Stadium Hiroshima,Hiroshima,Outdoor
2025-03-29 6,1011.3,1017.9,--,8.4,-1.7,5.4,49,3.3,北,,0.00,--,--,晴れ,,Mazda Zoom-Zoom Stadium Hiroshima,Hiroshima,Outdoor
2025-03-29 7,1011.7,1018.3,--,8.0,-1.8,5.4,50,2.8,北,0.2,0.12,--,--,晴れ,,Mazda Zoom-Zoom Stadium Hiroshima,Hiroshima,Outdoor
2025-03-29 8,1012.8,1019.4,--,8.7,-2.0,5.3,47,3.7,北北東,0.9,0.84,--,--,晴れ,,Mazda Zoom-Zoom Stadium Hiroshima,Hiroshima,Outdoor
2025-03-29 9,1013.0,1019.6,--,9.7,-2.6,5.1,42,4.3,北北東,1.0,1.66,--,--,晴れ,,Mazda Zoom-Zoom Stadium Hiroshima,Hiroshima,Outdoor
2025-03-29 10,1012.9,1019.4,--,12.1,-2.5,5.1,36,3.5,北北東,1.0,2.31,--,--,晴れ,,Mazda Zoom-Zoom Stadium Hiroshima,Hiroshima,Outdoor
2025-03-29 11,1012.8,1019.3,--,13.0,-6.0,3.9,26,2.5,北,0.9,2.74,--,--,晴れ,,Mazda Zoom-Zoom Stadium Hiroshima,Hiroshima,Outdoor
2025-03-29 12,1012.1,1018.6,--,12.8,-6.2,3.8,26,1.1,東南東,0.2,1.49,--,--,曇,,Mazda Zoom-Zoom Stadium Hiroshima,Hiroshima,Outdoor
2025-03-29 13,1011.7,1018.2,--,12.9,-6.1,3.9,26,2.9,南南西,0.0,0.96,--,--,曇,,Mazda Zoom-Zoom Stadium Hiroshima,Hiroshima,Outdoor
2025-03-29 14,1011.7,1018.2,0.0,12.7,-4.0,4.6,31,5.5,西,0.0,0.81,--,--,雨,,Mazda Zoom-Zoom Stadium Hiroshima,Hiroshima,Outdoor
2025-03-29 15,1011.0,1017.5,0.0,12.5,-3.3,4.8,33,3.2,北,0.3,1.28,--,--,曇,,Mazda Zoom-Zoom Stadium Hiroshima,Hiroshima,Outdoor
2025-03-29 16,1011.7,1018.2,--,12.3,-2.7,5.0,35,2.8,南西,0.0,0.61,--,--,曇,,Mazda Zoom-Zoom Stadium Hiroshima,Hiroshima,Outdoor
2025-03-29 17,1011.9,1018.4,--,12.6,-6.9,3.6,25,6.1,西北西,0.0,0.51,--,--,曇,,Mazda Zoom-Zoom Stadium Hiroshima,Hiroshima,Outdoor
2025-03-29 18,1012.2,1018.7,--,11.9,-9.1,3.1,22,6.0,西北西,0.0,0.29,--,--,曇,,Mazda Zoom-Zoom Stadium Hiroshima,Hiroshima,Outdoor
2025-03-29 19,1012.6,1019.1,--,11.5,-10.7,2.7,20,5.9,西北西,0.0,0.02,--,--,曇,,Mazda Zoom-Zoom Stadium Hiroshima,Hiroshima,Outdoor
2025-03-29 20,1013.1,1019.7,--,10.9,-9.4,3.0,23,3.6,西北西,,,--,--,曇,,Mazda Zoom-Zoom Stadium Hiroshima,Hiroshima,Outdoor
2025-03-29 21,1014.0,1020.6,--,10.5,-8.7,3.2,25,2.7,北西,,,--,--,曇,,Mazda Zoom-Zoom Stadium Hiroshima,Hiroshima,Outdoor
2025-03-29 22,1014.7,1021.3,--,9.9,-7.3,3.5,29,3.6,西,,,--,--,曇,,Mazda Zoom-Zoom Stadium Hiroshima,Hiroshima,Outdoor
2025-03-29 23,1015.1,1021.7,--,9.7,-7.0,3.6,30,2.5,西南西,,,--,--,曇,,Mazda Zoom-Zoom Stadium Hiroshima,Hiroshima,Outdoor
2025-03-29 24,1015.2,1021.8,--,9.6,-6.7,3.7,31,4.4,南南西,,,--,--,曇,,Mazda Zoom-Zoom Stadium Hiroshima,Hiroshima,Outdoor
2025-03-30 1,1015.2,1021.8,--,9.4,-5.3,4.1,35,3.4,西北西,,,--,--,曇,,Mazda Zoom-Zoom Stadium Hiroshima,Hiroshima,Outdoor
2025-03-30 2,1015.6,1022.3,0.0,7.9,-1.1,5.6,53,5.5,北北西,,,--,--,雨,,Mazda Zoom-Zoom Stadium Hiroshima,Hiroshima,Outdoor
2025-03-30 3,1016.2,1022.9,0.0,7.5,-2.0,5.3,51,5.5,北,,,--,--,曇,,Mazda Zoom-Zoom Stadium Hiroshima,Hiroshima,Outdoor
2025-03-30 4,1017.2,1023.9,--,6.9,-2.8,5.0,50,4.2,北,,,--,--,曇,,Mazda Zoom-Zoom Stadium Hiroshima,Hiroshima,Outdoor
2025-03-30 5,1018.0,1024.7,--,6.4,-4.4,4.4,46,6.2,北,,,--,--,曇,,Mazda Zoom-Zoom Stadium Hiroshima,Hiroshima,Outdoor
2025-03-30 6,1018.6,1025.3,--,6.6,-7.4,3.5,36,7.6,北,,0.00,--,--,曇,,Mazda Zoom-Zoom Stadium Hiroshima,Hiroshima,Outdoor
2025-03-30 7,1019.4,1026.1,--,6.5,-8.6,3.2,33,5.1,北,0.0,0.14,--,--,曇,,Mazda Zoom-Zoom Stadium Hiroshima,Hiroshima,Outdoor
2025-03-30 8,1019.9,1026.6,--,6.5,-9.0,3.1,32,8.5,北北西,0.6,0.68,--,--,晴れ,,Mazda Zoom-Zoom Stadium Hiroshima,Hiroshima,Outdoor
2025-03-30 9,1020.2,1026.9,--,7.4,-9.0,3.1,30,7.2,北北西,0.6,1.32,--,--,晴れ,,Mazda Zoom-Zoom Stadium Hiroshima,Hiroshima,Outdoor
2025-03-30 10,1020.3,1027.0,--,7.5,-9.8,2.9,28,5.1,北,0.6,1.75,--,--,晴れ,,Mazda Zoom-Zoom Stadium Hiroshima,Hiroshima,Outdoor
2025-03-30 11,1020.6,1027.3,--,8.6,-7.6,3.5,31,7.0,北北西,0.7,2.56,--,--,晴れ,,Mazda Zoom-Zoom Stadium Hiroshima,Hiroshima,Outdoor
2025-03-30 12,1020.2,1026.9,--,8.9,-6.1,3.9,34,8.5,北北西,0.7,2.68,--,--,曇,,Mazda Zoom-Zoom Stadium Hiroshima,Hiroshima,Outdoor
2025-03-30 13,1019.7,1026.3,--,9.3,-6.5,3.7,32,4.9,北北西,0.8,2.72,--,--,曇,,Mazda Zoom-Zoom Stadium Hiroshima,Hiroshima,Outdoor
2025-03-30 14,1019.7,1026.4,0.0,9.1,-4.1,4.5,39,5.1,北北西,0.5,1.93,--,--,曇,,Mazda Zoom-Zoom Stadium Hiroshima,Hiroshima,Outdoor
2025-03-30 15,1019.7,1026.4,0.0,8.4,-4.1,4.5,41,5.6,北北東,0.6,2.04,--,--,曇,,Mazda Zoom-Zoom Stadium Hiroshima,Hiroshima,Outdoor
2025-03-30 16,1019.7,1026.4,0.0,8.1,-4.3,4.4,41,6.6,北,0.5,1.36,--,--,雨,,Mazda Zoom-Zoom Stadium Hiroshima,Hiroshima,Outdoor
2025-03-30 17,1020.0,1026.7,0.0,7.5,-5.2,4.1,40,5.5,北,0.3,0.81,--,--,曇,,Mazda Zoom-Zoom Stadium Hiroshima,Hiroshima,Outdoor
2025-03-30 18,1020.4,1027.1,--,6.3,-6.3,3.8,40,5.7,北北東,0.0,0.27,--,--,曇,,Mazda Zoom-Zoom Stadium Hiroshima,Hiroshima,Outdoor
2025-03-30 19,1020.8,1027.6,--,5.6,-6.6,3.7,41,5.4,北北東,0.0,0.02,--,--,曇,,Mazda Zoom-Zoom Stadium Hiroshima,Hiroshima,Outdoor
2025-03-30 20,1021.4,1028.2,--,5.3,-5.4,4.1,46,4.5,北北東,,,--,--,曇,,Mazda Zoom-Zoom Stadium Hiroshima,Hiroshima,Outdoor
2025-03-30 21,1021.8,1028.6,--,5.1,-5.5,4.0,46,4.4,北北東,,,--,--,曇,,Mazda Zoom-Zoom Stadium Hiroshima,Hiroshima,Outdoor
2025-03-30 22,1022.1,1028.9,--,4.9,-5.2,4.2,48,3.4,北北東,,,--,--,曇,,Mazda Zoom-Zoom Stadium Hiroshima,Hiroshima,Outdoor
2025-03-30 23,1021.9,1028.7,--,4.5,-4.7,4.3,51,3.0,北北東,,,--,--,曇,,Mazda Zoom-Zoom Stadium Hiroshima,Hiroshima,Outdoor
2025-03-30 24,1021.7,1028.5,--,4.2,-4.5,4.4,53,2.9,北北東,,,--,--,曇,,Mazda Zoom-Zoom Stadium Hiroshima,Hiroshima,Outdoor
